Date,Open,High,Low,Close,Adj Close,Volume
2013-03-04,538.520020,539.849976,537.359985,537.380005,537.380005,372100
2013-03-05,540.429993,544.109985,540.429993,543.960022,543.960022,455100
2013-03-06,547.570007,547.609985,542.700012,544.359985,544.359985,486300
2013-03-07,545.400024,545.419983,538.289978,541.299988,541.299988,509600
2013-03-08,542.789978,544.010010,539.590027,543.099976,543.099976,0
2013-03-11,null,null,null,null,null,null
2013-03-12,null,null,null,null,null,null
2013-03-13,null,null,null,null,null,null
2013-03-14,null,null,null,null,null,null
2013-03-15,556.630005,556.630005,553.419983,554.809998,554.809998,0
2013-03-18,null,null,null,null,null,null
2013-03-19,null,null,null,null,null,null
2013-03-20,null,null,null,null,null,null
2013-03-21,null,null,null,null,null,null
2013-03-22,546.219971,551.429993,546.099976,551.250000,551.250000,0
2013-03-25,null,null,null,null,null,null
2013-03-26,null,null,null,null,null,null
2013-03-27,null,null,null,null,null,null
2013-03-28,null,null,null,null,null,null
2013-03-29,null,null,null,null,null,null
2013-04-01,null,null,null,null,null,null
2013-04-02,null,null,null,null,null,null
2013-04-03,null,null,null,null,null,null
2013-04-04,null,null,null,null,null,null
2013-04-05,556.919983,558.289978,543.570007,547.510010,547.510010,0
2013-04-08,547.179993,548.090027,528.780029,528.780029,528.780029,459600
2013-04-09,526.039978,535.299988,517.099976,528.150024,528.150024,494100
2013-04-10,530.919983,534.840027,527.750000,534.840027,534.840027,395900
2013-04-11,540.070007,544.530029,535.770020,544.299988,544.299988,440500
2013-04-12,547.650024,551.020020,546.719971,547.190002,547.190002,0
2013-04-15,550.090027,554.309998,549.640015,553.989990,553.989990,417300
2013-04-16,548.450012,558.950012,548.330017,558.950012,558.950012,437500
2013-04-17,562.500000,563.390015,556.650024,558.539978,558.539978,467400
2013-04-18,556.609985,558.929993,551.099976,551.099976,551.099976,416500
2013-04-19,549.780029,551.059998,540.159973,541.460022,541.460022,448200
2013-04-22,null,null,null,null,null,null
2013-04-23,null,null,null,null,null,null
2013-04-24,null,null,null,null,null,null
2013-04-25,564.640015,565.830017,559.000000,559.400024,559.400024,0
2013-04-26,562.690002,565.640015,562.059998,565.349976,565.349976,0
2013-04-29,null,null,null,null,null,null
2013-04-30,570.239990,570.280029,562.309998,563.869995,563.869995,0
2013-05-02,null,null,null,null,null,null
2013-05-03,563.869995,565.330017,559.489990,565.330017,565.330017,0
2013-05-06,null,null,null,null,null,null
2013-05-07,null,null,null,null,null,null
2013-05-08,null,null,null,null,null,null
2013-05-09,null,null,null,null,null,null
2013-05-10,574.510010,574.510010,569.440002,569.700012,569.700012,0
2013-05-13,null,null,null,null,null,null
2013-05-14,null,null,null,null,null,null
2013-05-15,null,null,null,null,null,null
2013-05-16,568.609985,568.619995,565.869995,566.059998,566.059998,0
2013-05-20,null,null,null,null,null,null
2013-05-21,null,null,null,null,null,null
2013-05-22,null,null,null,null,null,null
2013-05-23,null,null,null,null,null,null
2013-05-24,572.260010,574.070007,569.419983,574.059998,574.059998,0
2013-05-27,null,null,null,null,null,null
2013-05-28,null,null,null,null,null,null
2013-05-29,null,null,null,null,null,null
2013-05-30,null,null,null,null,null,null
2013-05-31,583.140015,583.809998,571.609985,577.869995,577.869995,0
2013-06-03,null,null,null,null,null,null
2013-06-04,null,null,null,null,null,null
2013-06-05,560.380005,560.559998,549.090027,549.090027,549.090027,0
2013-06-07,550.340027,551.570007,531.030029,535.750000,535.750000,0
2013-06-10,null,null,null,null,null,null
2013-06-11,null,null,null,null,null,null
2013-06-12,null,null,null,null,null,null
2013-06-13,null,null,null,null,null,null
2013-06-14,545.979980,546.549988,534.309998,536.039978,536.039978,0
2013-06-17,null,null,null,null,null,null
2013-06-18,null,null,null,null,null,null
2013-06-19,null,null,null,null,null,null
2013-06-20,null,null,null,null,null,null
2013-06-21,513.580017,520.890015,507.299988,520.890015,520.890015,0
2013-06-24,null,null,null,null,null,null
2013-06-25,null,null,null,null,null,null
2013-06-26,null,null,null,null,null,null
2013-06-27,null,null,null,null,null,null
2013-06-28,516.630005,519.650024,514.630005,519.059998,519.059998,0
2013-07-01,null,null,null,null,null,null
2013-07-02,null,null,null,null,null,null
2013-07-03,null,null,null,null,null,null
2013-07-04,null,null,null,null,null,null
2013-07-05,528.039978,529.750000,522.770020,525.400024,525.400024,0
2013-07-08,null,null,null,null,null,null
2013-07-09,null,null,null,null,null,null
2013-07-10,null,null,null,null,null,null
2013-07-11,null,null,null,null,null,null
2013-07-12,530.369995,532.479980,528.229980,532.469971,532.469971,0
2013-07-15,null,null,null,null,null,null
2013-07-16,null,null,null,null,null,null
2013-07-17,null,null,null,null,null,null
2013-07-18,null,null,null,null,null,null
2013-07-19,545.429993,546.080017,540.320007,541.869995,541.869995,0
2013-07-22,null,null,null,null,null,null
2013-07-23,null,null,null,null,null,null
2013-07-24,null,null,null,null,null,null
2013-07-25,null,null,null,null,null,null
2013-07-26,543.869995,545.330017,542.510010,545.309998,545.309998,0
2013-07-29,547.260010,547.690002,540.979980,540.979980,540.979980,0
2013-07-30,542.859985,546.429993,542.640015,546.429993,546.429993,366000
2013-07-31,548.719971,554.650024,547.780029,554.309998,554.309998,354800
2013-08-01,557.679993,557.789978,549.520020,549.520020,549.520020,328000
2013-08-02,553.239990,554.650024,549.669983,551.760010,551.760010,336300
2013-08-05,553.679993,556.919983,553.320007,556.599976,556.599976,342500
2013-08-06,558.380005,558.950012,554.979980,557.359985,557.359985,347100
2013-08-07,556.940002,559.140015,554.729980,554.729980,554.729980,352900
2013-08-08,556.929993,558.010010,555.059998,555.299988,555.299988,341200
2013-08-09,556.789978,557.099976,553.650024,554.929993,554.929993,349800
2013-08-12,555.150024,555.460022,549.130005,550.250000,550.250000,376500
2013-08-13,552.059998,552.520020,548.510010,550.849976,550.849976,459800
2013-08-14,553.599976,554.380005,550.869995,550.869995,550.869995,419700
2013-08-16,544.770020,549.789978,544.599976,548.789978,548.789978,397000
2013-08-19,550.750000,551.219971,549.349976,550.489990,550.489990,396200
2013-08-20,550.000000,551.460022,537.559998,537.570007,537.570007,516300
2013-08-21,540.210022,540.710022,523.929993,530.539978,530.539978,503900
2013-08-22,524.869995,525.059998,514.640015,517.640015,517.640015,461300
2013-08-23,523.549988,529.380005,523.549988,529.190002,529.190002,321600
2013-08-26,532.429993,533.909973,532.369995,533.729980,533.729980,332500
2013-08-27,533.500000,533.940002,523.919983,524.390015,524.390015,384900
2013-08-28,514.590027,519.799988,511.649994,517.440002,517.440002,387600
2013-08-29,520.929993,523.190002,520.359985,520.369995,520.369995,301600
2013-08-30,522.109985,523.039978,515.830017,516.739990,516.739990,399600
2013-09-02,518.619995,525.190002,518.619995,525.179993,525.179993,0
2013-09-03,527.710022,529.200012,525.700012,525.890015,525.890015,343800
2013-09-04,526.950012,527.239990,525.229980,526.159973,526.159973,348300
2013-09-05,529.190002,529.669983,527.979980,528.059998,528.059998,351600
2013-09-06,529.750000,530.140015,523.030029,523.770020,523.770020,457600
2013-09-09,526.669983,526.849976,520.219971,521.109985,521.109985,469200
2013-09-10,523.849976,524.229980,520.530029,523.150024,523.150024,317300
2013-09-11,526.380005,529.340027,526.280029,529.340027,529.340027,278300
2013-09-12,530.869995,532.239990,527.659973,529.580017,529.580017,290200
2013-09-13,530.690002,531.760010,530.340027,530.890015,530.890015,247200
2013-09-16,528.840027,529.400024,526.200012,526.200012,526.200012,245500
2013-09-17,527.539978,528.169983,525.760010,527.109985,527.109985,221800
2013-09-23,528.909973,529.979980,526.770020,527.070007,527.070007,258500
2013-09-24,527.309998,528.890015,523.840027,527.289978,527.289978,304100
2013-09-25,528.950012,529.559998,525.510010,527.270020,527.270020,284300
2013-09-26,528.590027,532.960022,528.590027,532.830017,532.830017,268900
2013-09-27,535.210022,537.700012,535.039978,537.500000,537.500000,293700
2013-09-30,538.000000,538.000000,534.489990,534.890015,534.890015,297000
2013-10-01,534.090027,536.010010,524.859985,530.349976,530.349976,352700
2013-10-02,534.260010,534.830017,531.789978,532.020020,532.020020,288900
2013-10-04,531.679993,532.940002,527.880005,532.010010,532.010010,287100
2013-10-07,533.789978,534.559998,528.429993,528.440002,528.440002,300700
2013-10-08,527.510010,528.830017,525.070007,528.830017,528.830017,315900
2013-10-10,528.500000,531.450012,528.500000,529.039978,529.039978,304400
2013-10-11,534.330017,534.710022,532.299988,532.599976,532.599976,318000
2013-10-14,534.580017,534.669983,531.500000,531.659973,531.659973,352100
2013-10-15,534.280029,535.320007,532.500000,533.119995,533.119995,363000
2013-10-16,534.900024,535.489990,524.549988,525.679993,525.679993,411600
2013-10-17,530.090027,530.150024,519.929993,521.520020,521.520020,347500
2013-10-18,522.510010,525.690002,521.599976,525.690002,525.690002,294300
2013-10-21,527.969971,529.390015,526.710022,529.340027,529.340027,286300
2013-10-22,530.260010,531.900024,529.400024,531.890015,531.890015,310900
2013-10-23,533.989990,533.989990,525.369995,525.380005,525.380005,339000
2013-10-24,526.210022,531.039978,524.359985,531.030029,531.030029,323100
2013-10-25,533.429993,534.280029,531.799988,534.020020,534.020020,333900
2013-10-28,536.380005,536.770020,533.960022,534.979980,534.979980,332000
2013-10-29,535.900024,536.190002,533.469971,533.909973,533.909973,328200
2013-10-30,535.979980,538.080017,535.000000,537.679993,537.679993,347700
2013-10-31,537.710022,537.710022,532.440002,532.440002,532.440002,313100
2013-11-01,533.900024,534.869995,533.409973,534.739990,534.739990,366500
2013-11-04,536.210022,536.460022,533.630005,533.640015,533.640015,310700
2013-11-05,535.000000,535.219971,528.239990,528.729980,528.729980,326600
2013-11-06,528.750000,529.890015,525.890015,525.989990,525.989990,319400
2013-11-07,527.909973,527.909973,520.210022,520.650024,520.650024,344500
2013-11-08,517.020020,521.059998,515.609985,515.739990,515.739990,311400
2013-11-11,517.369995,517.919983,502.440002,502.940002,502.940002,364300
2013-11-12,504.130005,510.730011,504.130005,510.730011,510.730011,288500
2013-11-13,511.619995,512.830017,504.920013,505.600006,505.600006,298300
2013-11-14,509.350006,511.890015,506.850006,511.750000,511.750000,275800
2013-11-15,514.070007,514.669983,512.000000,512.739990,512.739990,313000
2013-11-18,515.219971,515.219971,508.980011,509.540009,509.540009,290400
2013-11-19,509.269989,510.670013,504.049988,505.500000,505.500000,300500
2013-11-20,506.149994,507.089996,504.029999,504.160004,504.160004,237700
2013-11-21,504.869995,504.890015,499.989990,501.049988,501.049988,244900
2013-11-22,503.890015,504.859985,502.890015,504.059998,504.059998,266000
2013-11-25,505.779999,508.309998,505.679993,507.760010,507.760010,214700
2013-11-26,509.040009,510.570007,507.149994,510.540009,510.540009,259400
2013-11-27,511.880005,513.640015,510.250000,511.649994,511.649994,286800
2013-11-28,514.409973,515.750000,513.820007,515.520020,515.520020,299600
2013-11-29,517.609985,518.190002,514.549988,517.059998,517.059998,280400
2013-12-02,518.090027,518.340027,512.690002,512.690002,512.690002,287200
2013-12-03,512.219971,513.130005,507.359985,508.160004,508.160004,321200
2013-12-04,507.529999,510.390015,504.540009,506.279999,506.279999,301700
2013-12-05,507.320007,508.299988,504.700012,506.320007,506.320007,247200
2013-12-06,506.239990,508.119995,506.200012,506.320007,506.320007,294700
2013-12-09,508.890015,509.529999,502.220001,502.230011,502.230011,263200
2013-12-10,502.890015,503.410004,495.820007,497.720001,497.720001,304600
2013-12-11,497.269989,500.640015,494.390015,494.779999,494.779999,286300
2013-12-12,492.309998,496.000000,492.290009,495.640015,495.640015,283500
2013-12-13,495.980011,496.179993,491.070007,494.359985,494.359985,269000
2013-12-16,495.750000,496.160004,488.190002,488.190002,488.190002,276800
2013-12-17,490.890015,491.600006,486.149994,486.149994,486.149994,282700
2013-12-18,486.829987,489.260010,483.809998,485.649994,485.649994,291900
2013-12-19,489.829987,490.220001,483.320007,484.170013,484.170013,275600
2013-12-20,484.769989,488.410004,483.839996,488.410004,488.410004,265900
2013-12-23,490.320007,490.959991,489.399994,489.630005,489.630005,254500
2013-12-24,491.529999,491.869995,490.100006,491.079987,491.079987,268000
2013-12-26,492.929993,493.010010,488.859985,488.869995,488.869995,276900
2013-12-27,490.019989,496.799988,489.529999,496.769989,496.769989,262300
2013-12-30,498.410004,500.049988,497.540009,499.989990,499.989990,234600
2014-01-02,502.410004,502.869995,496.059998,496.279999,496.279999,264300
2014-01-03,496.670013,499.329987,493.790009,499.329987,499.329987,295100
2014-01-06,500.859985,501.290009,498.730011,500.619995,500.619995,288700
2014-01-07,500.420013,505.019989,500.420013,504.859985,504.859985,332500
2014-01-08,507.549988,510.600006,506.410004,509.779999,509.779999,368800
2014-01-09,511.000000,512.299988,510.540009,511.600006,511.600006,364000
2014-01-10,513.679993,513.890015,507.109985,510.190002,510.190002,399600
2014-01-13,511.589996,513.760010,511.589996,512.919983,512.919983,375900
2014-01-14,511.480011,514.750000,511.410004,512.270020,512.270020,410700
2014-01-15,515.559998,516.280029,514.119995,515.969971,515.969971,414500
2014-01-16,518.500000,518.929993,517.380005,517.830017,517.830017,404500
2014-01-17,519.000000,519.150024,515.440002,518.099976,518.099976,389400
2014-01-20,519.380005,520.549988,516.919983,519.989990,519.989990,357600
2014-01-21,521.260010,521.489990,519.659973,520.989990,520.989990,426400
2014-01-22,522.609985,523.479980,521.289978,523.070007,523.070007,428600
2014-01-23,524.909973,526.820007,522.719971,522.719971,522.719971,447500
2014-01-24,522.250000,524.000000,516.190002,520.309998,520.309998,356100
2014-01-27,509.119995,511.380005,507.480011,507.510010,507.510010,517000
2014-01-28,508.579987,509.709991,502.839996,509.290009,509.290009,453600
2014-01-29,512.130005,515.250000,512.130005,515.200012,515.200012,389500
2014-02-03,513.030029,515.450012,511.190002,513.619995,513.619995,421800
2014-02-04,506.640015,507.970001,505.119995,507.559998,507.559998,451900
2014-02-05,511.119995,511.890015,505.619995,505.619995,505.619995,448600
2014-02-06,507.519989,510.649994,507.519989,509.869995,509.869995,570200
2014-02-07,513.840027,514.869995,512.719971,514.450012,514.450012,317500
2014-02-10,517.450012,518.479980,516.630005,518.469971,518.469971,309000
2014-02-11,520.119995,520.510010,517.679993,518.900024,518.900024,334400
2014-02-12,522.280029,522.280029,519.960022,520.640015,520.640015,363300
2014-02-13,521.789978,522.469971,520.260010,521.820007,521.820007,335900
2014-02-14,523.900024,524.710022,522.349976,522.580017,522.580017,304300
2014-02-17,524.250000,524.369995,521.049988,522.000000,522.000000,313000
2014-02-18,523.789978,525.630005,523.169983,525.419983,525.419983,317000
2014-02-19,527.330017,529.909973,526.119995,529.869995,529.869995,302700
2014-02-20,530.280029,530.349976,525.679993,525.690002,525.690002,319000
2014-02-21,528.479980,528.799988,527.150024,528.510010,528.510010,281100
2014-02-24,530.380005,530.979980,526.340027,526.340027,526.340027,300700
2014-02-25,529.280029,529.369995,527.650024,528.609985,528.609985,300500
2014-02-26,529.590027,529.789978,528.010010,529.229980,529.229980,350400
2014-02-27,530.500000,531.150024,528.020020,528.369995,528.369995,342000
2014-02-28,529.859985,529.969971,527.510010,528.960022,528.960022,318000
2014-03-03,529.229980,530.619995,526.270020,529.859985,529.859985,310000
2014-03-04,528.179993,532.559998,528.000000,531.539978,531.539978,288100
2014-03-05,535.739990,536.989990,534.590027,536.770020,536.770020,309500
2014-03-06,538.289978,540.400024,537.979980,540.330017,540.330017,333600
2014-03-07,542.539978,544.080017,542.539978,543.760010,543.760010,330800
2014-03-10,545.630005,545.739990,541.849976,542.190002,542.190002,314700
2014-03-11,544.849976,547.690002,544.849976,547.679993,547.679993,332100
2014-03-12,548.119995,548.190002,538.789978,539.299988,539.299988,421100
2014-03-13,542.200012,547.520020,539.799988,547.510010,547.510010,446400
2014-03-14,542.869995,546.510010,542.419983,544.270020,544.270020,406000
2014-03-17,545.359985,546.309998,535.539978,535.820007,535.820007,373700
2014-03-18,540.030029,541.429993,539.119995,541.150024,541.150024,381900
2014-03-19,544.549988,545.169983,539.880005,542.250000,542.250000,364100
2014-03-20,541.400024,542.289978,539.150024,541.789978,541.789978,369100
2014-03-21,545.210022,547.179993,544.539978,546.809998,546.809998,398500
2014-03-24,549.349976,549.429993,545.580017,545.599976,545.599976,372700
2014-03-25,545.789978,545.789978,538.409973,539.049988,539.049988,377400
2014-03-26,541.650024,544.130005,540.940002,544.130005,544.130005,376300
2014-03-27,544.320007,544.619995,540.010010,541.460022,541.460022,315800
2014-03-28,542.349976,544.450012,542.340027,544.099976,544.099976,301100
2014-03-31,546.570007,547.030029,538.780029,541.580017,541.580017,287600
2014-04-01,544.510010,549.080017,544.059998,549.080017,549.080017,330300
2014-04-02,552.239990,557.780029,552.239990,557.650024,557.650024,429500
2014-04-03,560.200012,560.849976,556.690002,557.010010,557.010010,428900
2014-04-04,559.140015,560.520020,558.049988,560.440002,560.440002,382400
2014-04-07,557.580017,559.099976,553.669983,554.229980,554.229980,384300
2014-04-08,553.469971,555.020020,549.890015,554.070007,554.070007,373000
2014-04-09,556.729980,556.750000,552.169983,552.219971,552.219971,415100
2014-04-10,556.239990,556.450012,554.500000,555.099976,555.099976,385800
2014-04-11,548.500000,555.880005,548.440002,555.869995,555.869995,302400
2014-04-14,557.349976,562.049988,557.320007,562.039978,562.039978,282000
2014-04-15,565.130005,565.179993,562.010010,562.109985,562.109985,361900
2014-04-16,564.450012,566.250000,562.809998,565.960022,565.960022,385300
2014-04-17,568.799988,569.030029,565.750000,565.750000,565.750000,386300
2014-04-18,568.000000,571.609985,567.770020,571.229980,571.229980,350600
2014-04-21,573.049988,573.059998,569.280029,569.280029,569.280029,339200
2014-04-22,570.760010,571.159973,569.380005,570.979980,570.979980,335400
2014-04-23,573.679993,573.880005,565.469971,565.469971,565.469971,371000
2014-04-24,567.729980,567.929993,555.070007,561.119995,561.119995,401600
2014-04-25,561.940002,562.299988,555.500000,556.479980,556.479980,314100
2014-04-28,555.679993,558.559998,555.679993,556.960022,556.960022,282600
2014-04-29,559.869995,560.549988,555.809998,556.969971,556.969971,337000
2014-04-30,560.039978,561.729980,559.080017,559.340027,559.340027,310000
2014-05-02,561.679993,562.059998,558.080017,558.659973,558.659973,291600
2014-05-07,559.090027,559.150024,550.340027,550.349976,550.349976,289200
2014-05-08,552.000000,552.280029,543.809998,546.890015,546.890015,324800
2014-05-09,548.940002,550.390015,547.299988,550.190002,550.190002,291400
2014-05-12,551.849976,551.989990,550.520020,551.400024,551.400024,345000
2014-05-13,554.450012,557.440002,554.409973,557.159973,557.159973,335000
2014-05-14,559.150024,560.349976,557.849976,560.299988,560.299988,366400
2014-05-15,561.690002,562.770020,560.619995,561.750000,561.750000,433200
2014-05-16,561.500000,561.539978,556.619995,557.590027,557.590027,393200
2014-05-19,559.570007,559.619995,546.239990,546.809998,546.809998,387900
2014-05-20,548.090027,548.729980,538.650024,542.960022,542.960022,406800
2014-05-21,542.880005,547.049988,542.719971,545.590027,545.590027,282100
2014-05-22,548.580017,549.150024,546.239990,546.750000,546.750000,314600
2014-05-23,549.099976,550.070007,548.630005,549.700012,549.700012,279300
2014-05-26,552.349976,552.599976,548.830017,548.830017,548.830017,308000
2014-05-27,550.659973,550.780029,543.150024,547.969971,547.969971,349100
2014-05-28,550.359985,550.369995,548.539978,549.960022,549.960022,375900
2014-05-29,551.059998,551.169983,548.909973,549.609985,549.609985,307100
2014-05-30,551.070007,551.070007,546.309998,546.530029,546.530029,339700
2014-06-02,546.809998,546.820007,535.070007,535.150024,535.150024,303700
2014-06-03,535.190002,535.429993,526.650024,531.280029,531.280029,271400
2014-06-05,531.450012,531.960022,522.059998,523.119995,523.119995,261000
2014-06-09,525.159973,526.669983,520.890015,524.030029,524.030029,231800
2014-06-10,525.270020,532.650024,525.270020,532.640015,532.640015,238600
2014-06-11,533.989990,534.320007,532.260010,533.299988,533.299988,235500
2014-06-12,534.390015,536.640015,533.849976,536.140015,536.140015,244400
2014-06-13,536.590027,536.739990,533.979980,536.340027,536.340027,267500
2014-06-16,537.659973,537.710022,535.429993,536.020020,536.020020,247400
2014-06-17,537.320007,539.119995,537.130005,537.900024,537.900024,301000
2014-06-18,539.400024,539.679993,537.030029,537.049988,537.049988,289600
2014-06-19,539.140015,539.919983,535.469971,536.789978,536.789978,283500
2014-06-20,537.789978,538.400024,535.510010,536.690002,536.690002,247600
2014-06-23,537.900024,538.440002,529.960022,529.960022,529.960022,263800
2014-06-24,531.140015,531.559998,524.710022,529.489990,529.489990,276100
2014-06-25,529.799988,530.979980,527.229980,527.260010,527.260010,237200
2014-06-26,529.640015,531.570007,529.640015,530.039978,530.039978,226100
2014-06-27,531.359985,532.270020,529.750000,531.429993,531.429993,223500
2014-06-30,533.770020,537.070007,533.630005,537.059998,537.059998,217600
2014-07-01,538.440002,544.909973,537.750000,544.900024,544.900024,244200
2014-07-02,547.979980,549.179993,547.150024,549.030029,549.030029,269100
2014-07-03,549.210022,551.010010,548.929993,550.679993,550.679993,280000
2014-07-04,553.650024,553.750000,551.289978,552.900024,552.900024,348300
2014-07-07,554.559998,554.590027,550.969971,553.150024,553.150024,305100
2014-07-08,553.469971,555.260010,552.340027,554.900024,554.900024,321600
2014-07-09,554.020020,556.440002,552.979980,555.840027,555.840027,309600
2014-07-10,558.520020,559.659973,557.650024,559.320007,559.320007,288200
2014-07-11,559.359985,559.840027,556.570007,556.580017,556.580017,318700
2014-07-14,559.429993,561.549988,559.429993,561.500000,561.500000,328200
2014-07-15,564.679993,565.020020,559.150024,559.150024,559.150024,384700
2014-07-16,560.679993,560.739990,550.580017,555.270020,555.270020,339900
2014-07-17,557.619995,559.159973,557.570007,558.940002,558.940002,330000
2014-07-18,556.549988,560.840027,556.130005,560.260010,560.260010,318300
2014-07-21,563.760010,563.989990,561.419983,561.750000,561.750000,319000
2014-07-22,563.239990,564.960022,562.619995,564.929993,564.929993,332100
2014-07-23,567.349976,567.489990,563.130005,563.140015,563.140015,330000
2014-07-24,565.250000,565.299988,559.640015,559.669983,559.669983,376100
2014-07-25,560.789978,562.940002,560.650024,562.780029,562.780029,314000
2014-07-28,564.260010,564.299988,551.929993,552.979980,552.979980,329100
2014-07-29,553.750000,554.169983,540.219971,541.820007,541.820007,333900
2014-07-30,543.630005,544.020020,537.270020,541.809998,541.809998,312500
2014-07-31,541.989990,542.080017,528.150024,536.320007,536.320007,339900
2014-08-01,530.200012,541.359985,529.880005,541.090027,541.090027,270200
2014-08-04,543.799988,549.609985,543.450012,549.609985,549.609985,320900
2014-08-05,552.210022,552.440002,546.570007,547.750000,547.750000,374800
2014-08-06,548.419983,549.770020,547.000000,548.429993,548.429993,335200
2014-08-07,550.419983,551.960022,546.450012,547.109985,547.109985,335800
2014-08-08,547.969971,548.599976,540.380005,544.239990,544.239990,311700
2014-08-11,548.479980,549.739990,546.299988,546.299988,546.299988,302800
2014-08-12,548.539978,548.929993,544.539978,545.760010,545.760010,317500
2014-08-13,547.640015,551.739990,547.640015,551.729980,551.729980,304700
2014-08-14,554.119995,558.270020,553.960022,558.179993,558.179993,299400
2014-08-18,561.349976,561.570007,559.460022,561.099976,561.099976,299400
2014-08-19,564.159973,564.299988,559.030029,562.659973,562.659973,319100
2014-08-20,564.750000,565.559998,561.960022,561.960022,561.960022,327800
2014-08-21,564.599976,565.010010,562.520020,562.520020,562.520020,330000
2014-08-22,565.039978,566.690002,565.000000,566.349976,566.349976,368800
2014-08-25,568.539978,569.640015,563.049988,564.400024,564.400024,368800
2014-08-26,567.500000,568.340027,565.929993,568.239990,568.239990,349900
2014-08-27,570.330017,570.739990,565.270020,567.229980,567.229980,358400
2014-08-28,569.530029,570.450012,569.130005,570.239990,570.239990,342100
2014-08-29,570.520020,571.440002,568.460022,570.200012,570.200012,403400
2014-09-01,572.799988,572.849976,566.940002,566.950012,566.950012,395700
2014-09-02,567.479980,568.900024,565.640015,568.739990,568.739990,341600
2014-09-03,570.130005,572.409973,569.590027,571.400024,571.400024,398000
2014-09-04,573.500000,573.809998,568.330017,568.900024,568.900024,381400
2014-09-05,569.989990,572.609985,568.500000,572.369995,572.369995,350100
2014-09-11,574.890015,575.650024,573.640015,573.700012,573.700012,339900
2014-09-12,575.460022,575.820007,567.710022,570.650024,570.650024,331300
2014-09-15,571.640015,571.640015,565.760010,565.770020,565.770020,335400
2014-09-16,567.059998,572.380005,567.059998,572.359985,572.359985,322800
2014-09-17,574.989990,575.559998,573.099976,574.979980,574.979980,356800
2014-09-18,577.650024,578.400024,576.969971,576.969971,576.969971,391500
2014-09-19,580.099976,581.409973,578.669983,581.380005,581.380005,373900
2014-09-22,583.440002,583.450012,577.349976,577.349976,577.349976,385300
2014-09-23,577.669983,578.750000,571.609985,575.559998,575.559998,370400
2014-09-24,576.609985,580.510010,574.989990,580.419983,580.419983,370000
2014-09-25,583.580017,583.659973,577.440002,577.479980,577.479980,433500
2014-09-26,573.909973,577.760010,573.109985,577.659973,577.659973,397800
2014-09-29,580.299988,580.429993,566.609985,569.270020,569.270020,409400
2014-09-30,571.630005,573.539978,567.299988,573.219971,573.219971,387200
2014-10-01,575.020020,575.349976,564.320007,566.989990,566.989990,388400
2014-10-02,564.020020,570.010010,562.099976,569.840027,569.840027,332300
2014-10-06,573.820007,573.929993,566.270020,566.270020,566.270020,357700
2014-10-07,567.700012,568.330017,561.330017,562.820007,562.820007,334800
2014-10-08,560.400024,567.190002,560.400024,566.739990,566.739990,305600
2014-10-10,565.070007,565.260010,553.869995,555.950012,555.950012,357200
2014-10-13,551.469971,551.469971,531.460022,534.309998,534.309998,432200
2014-10-14,531.940002,544.530029,531.940002,544.049988,544.049988,373000
2014-10-15,546.950012,549.599976,542.489990,545.510010,545.510010,395000
2014-10-16,542.080017,546.950012,534.539978,545.489990,545.489990,382100
2014-10-17,549.700012,553.570007,543.640015,547.700012,547.700012,395400
2014-10-20,553.630005,556.659973,551.559998,556.010010,556.010010,373900
2014-10-21,558.640015,559.270020,555.159973,557.539978,557.539978,417500
2014-10-22,563.809998,564.760010,561.059998,564.520020,564.520020,384800
2014-10-23,565.690002,568.630005,561.299988,564.309998,564.309998,375700
2014-10-24,568.330017,568.330017,560.489990,560.659973,560.659973,387000
2014-10-27,562.929993,563.260010,558.289978,559.919983,559.919983,356400
2014-10-28,561.909973,562.710022,560.690002,562.289978,562.289978,363000
2014-10-29,566.030029,566.179993,560.929993,561.030029,561.030029,392300
2014-10-30,561.969971,562.359985,553.640015,557.859985,557.859985,394600
2014-10-31,559.849976,559.849976,557.000000,558.700012,558.700012,340900
2014-11-03,559.710022,559.900024,552.340027,552.469971,552.469971,369100
2014-11-04,554.630005,556.020020,540.359985,542.159973,542.159973,410400
2014-11-05,541.719971,545.299988,540.090027,540.270020,540.270020,357500
2014-11-06,541.570007,542.700012,530.419983,531.809998,531.809998,347400
2014-11-07,532.869995,539.909973,532.239990,539.900024,539.900024,341500
2014-11-10,542.520020,543.159973,538.770020,539.219971,539.219971,360100
2014-11-11,541.619995,545.140015,541.229980,545.130005,545.130005,368600
2014-11-12,547.979980,547.979980,546.159973,546.460022,546.460022,393800
2014-11-13,547.950012,548.549988,547.070007,547.700012,547.700012,362100
2014-11-14,549.000000,549.000000,541.869995,541.929993,541.929993,381100
2014-11-17,543.280029,543.349976,531.159973,531.179993,531.179993,343500
2014-11-18,532.419983,536.219971,532.419983,536.200012,536.200012,344700
2014-11-19,539.650024,541.190002,538.619995,540.840027,540.840027,365200
2014-11-20,541.989990,542.809998,539.140015,539.929993,539.929993,375300
2014-11-21,542.320007,543.979980,540.950012,543.979980,543.979980,390500
2014-11-24,547.500000,547.729980,539.820007,541.929993,541.929993,354700
2014-11-25,543.469971,546.979980,543.359985,546.340027,546.340027,397500
2014-11-26,547.849976,548.099976,546.580017,547.340027,547.340027,367300
2014-11-27,548.460022,549.320007,545.460022,545.969971,545.969971,338400
2014-11-28,547.289978,548.010010,544.510010,545.080017,545.080017,354900
2014-12-01,545.080017,545.229980,539.130005,539.450012,539.450012,368400
2014-12-02,538.989990,541.549988,537.530029,541.530029,541.530029,359800
2014-12-03,543.239990,546.000000,542.640015,545.020020,545.020020,428000
2014-12-04,548.179993,549.460022,547.200012,548.159973,548.159973,394100
2014-12-05,549.919983,550.919983,549.270020,550.849976,550.849976,480200
2014-12-08,553.109985,553.109985,551.190002,551.400024,551.400024,432800
2014-12-09,551.729980,552.380005,546.570007,546.570007,546.570007,513200
2014-12-10,547.789978,548.210022,540.419983,541.960022,541.960022,452700
2014-12-11,540.299988,542.599976,536.320007,537.210022,537.210022,477000
2014-12-12,539.690002,540.130005,530.830017,533.669983,533.669983,596600
2014-12-15,530.580017,538.919983,530.099976,538.090027,538.090027,424200
2014-12-16,538.099976,539.390015,533.239990,534.150024,534.150024,460200
2014-12-17,536.830017,537.169983,532.679993,533.059998,533.059998,456100
2014-12-18,536.400024,536.630005,520.929993,527.520020,527.520020,515800
2014-12-19,532.049988,535.989990,530.960022,535.510010,535.510010,390500
2014-12-22,537.890015,538.780029,535.119995,536.780029,536.780029,429700
2014-12-23,538.950012,539.130005,534.549988,534.650024,534.650024,417400
2014-12-24,536.349976,538.020020,535.780029,536.890015,536.890015,463600
2014-12-26,538.770020,539.239990,535.169983,535.169983,535.169983,506900
2014-12-29,537.130005,540.030029,536.989990,539.219971,539.219971,384900
2014-12-30,540.580017,543.080017,540.280029,542.969971,542.969971,388700
2015-01-02,546.010010,553.780029,546.010010,553.729980,553.729980,364100
2015-01-05,556.450012,561.250000,554.070007,561.250000,561.250000,427500
2015-01-06,557.309998,562.099976,556.390015,558.900024,558.900024,487600
2015-01-07,559.909973,561.950012,557.559998,561.320007,561.320007,494500
2015-01-08,565.190002,567.210022,563.630005,566.429993,566.429993,468800
2015-01-09,570.789978,573.359985,569.619995,572.989990,572.989990,438600
2015-01-12,574.429993,575.570007,572.270020,574.760010,574.760010,453300
2015-01-13,576.049988,577.849976,570.299988,571.000000,571.000000,553200
2015-01-14,573.299988,574.700012,571.659973,574.169983,574.169983,433200
2015-01-15,575.250000,581.390015,575.059998,581.390015,581.390015,447900
2015-01-16,582.309998,582.489990,575.700012,577.409973,577.409973,429700
2015-01-19,583.590027,583.590027,577.940002,577.940002,577.940002,441100
2015-01-20,580.140015,582.280029,576.200012,582.270020,582.270020,486200
2015-01-21,584.340027,586.039978,583.640015,584.340027,584.340027,538200
2015-01-22,587.169983,587.419983,572.679993,578.419983,578.419983,647400
2015-01-23,582.770020,589.309998,580.780029,589.309998,589.309998,506700
2015-01-26,591.200012,591.820007,589.000000,590.340027,590.340027,534700
2015-01-27,593.190002,593.229980,587.700012,587.840027,587.840027,531000
2015-01-28,587.770020,594.400024,587.000000,594.390015,594.390015,470200
2015-01-29,594.739990,595.419983,592.659973,593.119995,593.119995,467500
2015-01-30,596.940002,597.280029,588.969971,591.580017,591.580017,452100
2015-02-02,591.750000,591.750000,586.869995,590.270020,590.270020,422500
2015-02-03,592.349976,593.559998,587.340027,593.309998,593.309998,501500
2015-02-04,596.530029,598.530029,595.900024,598.229980,598.229980,505400
2015-02-05,600.869995,600.880005,598.140015,600.809998,600.809998,554200
2015-02-06,605.859985,606.130005,603.929993,604.130005,604.130005,515700
2015-02-09,605.880005,605.880005,592.690002,593.750000,593.750000,519800
2015-02-10,593.909973,595.140015,585.349976,592.950012,592.950012,553800
2015-02-11,595.969971,602.250000,595.969971,601.409973,601.409973,499700
2015-02-12,604.690002,604.690002,600.020020,602.239990,602.239990,516800
2015-02-13,604.760010,608.450012,603.940002,608.070007,608.070007,507000
2015-02-16,610.590027,613.719971,609.289978,610.159973,610.159973,451900
2015-02-17,611.919983,611.919983,606.460022,609.099976,609.099976,440200
2015-02-23,613.369995,616.349976,611.979980,615.520020,615.520020,426300
2015-02-24,616.659973,621.729980,616.270020,621.309998,621.309998,472900
2015-02-25,625.119995,625.260010,616.570007,616.570007,616.570007,479900
2015-02-26,618.059998,618.369995,615.020020,617.080017,617.080017,487100
2015-02-27,620.650024,625.200012,620.059998,624.559998,624.559998,503300
2015-03-02,627.609985,628.030029,621.750000,621.809998,621.809998,507100
2015-03-03,625.530029,626.239990,624.289978,625.640015,625.640015,502400
2015-03-04,627.270020,631.320007,627.090027,630.349976,630.349976,528500
2015-03-05,633.070007,633.580017,629.409973,631.429993,631.429993,485600
2015-03-06,634.520020,635.869995,632.500000,635.840027,635.840027,551600
2015-03-09,636.830017,636.830017,628.830017,629.260010,629.260010,503300
2015-03-10,632.539978,633.520020,617.890015,621.989990,621.989990,571100
2015-03-11,617.520020,623.239990,616.429993,619.609985,619.609985,470100
2015-03-12,622.549988,628.289978,621.469971,628.150024,628.150024,490400
2015-03-13,631.739990,634.969971,631.500000,634.250000,634.250000,530700
2015-03-16,636.469971,636.690002,633.859985,635.400024,635.400024,556600
2015-03-17,638.919983,639.000000,634.549988,636.049988,636.049988,524000
2015-03-18,638.409973,639.700012,628.940002,628.989990,628.989990,556600
2015-03-19,633.559998,633.640015,620.520020,631.809998,631.809998,559000
2015-03-20,633.690002,640.090027,632.570007,640.080017,640.080017,578700
2015-03-23,643.549988,644.010010,640.289978,640.289978,640.289978,530100
2015-03-24,640.500000,642.429993,638.460022,641.869995,641.869995,525800
2015-03-25,644.690002,651.059998,644.690002,651.049988,651.049988,534700
2015-03-26,647.169983,649.619995,640.559998,642.530029,642.530029,551800
2015-03-27,645.929993,646.429993,637.710022,640.119995,640.119995,592400
2015-03-30,643.400024,646.780029,641.469971,646.739990,646.739990,467300
2015-03-31,650.750000,650.750000,647.380005,650.489990,650.489990,524600
2015-04-01,650.270020,651.400024,645.630005,650.229980,650.229980,513300
2015-04-02,653.409973,654.849976,649.229980,650.570007,650.570007,629900
2015-04-03,653.460022,658.049988,652.590027,658.039978,658.039978,528700
2015-04-06,660.849976,662.590027,658.989990,662.150024,662.150024,523500
2015-04-07,667.619995,667.940002,664.640015,666.830017,666.830017,550000
2015-04-08,669.369995,669.369995,662.570007,668.030029,668.030029,560700
2015-04-09,671.599976,677.989990,670.830017,676.960022,676.960022,595100
2015-04-10,684.239990,685.659973,682.020020,682.020020,682.020020,602400
2015-04-13,688.169983,689.539978,682.719971,689.390015,689.390015,709300
2015-04-14,691.820007,694.900024,680.530029,684.969971,684.969971,829000
2015-04-15,689.659973,694.960022,688.690002,694.440002,694.440002,619800
2015-04-16,699.320007,699.320007,692.270020,698.309998,698.309998,698700
2015-04-17,703.450012,708.229980,700.179993,706.900024,706.900024,685600
2015-04-20,700.799988,707.520020,700.479980,706.960022,706.960022,667400
2015-04-21,712.890015,714.739990,709.880005,714.520020,714.520020,747100
2015-04-22,718.890015,720.559998,675.950012,703.340027,703.340027,1086800
2015-04-23,707.820007,708.059998,685.989990,692.479980,692.479980,705400
2015-04-24,695.119995,697.159973,681.039978,690.739990,690.739990,610900
2015-04-27,693.789978,699.549988,692.840027,699.390015,699.390015,516100
2015-04-28,701.359985,701.570007,694.299988,696.789978,696.789978,600300
2015-04-29,699.510010,699.659973,689.090027,695.690002,695.690002,558800
2015-04-30,696.309998,696.309998,685.150024,689.010010,689.010010,584900
2015-05-04,690.770020,690.840027,676.419983,677.900024,677.900024,440500
2015-05-06,672.950012,674.219971,661.820007,665.940002,665.940002,486100
2015-05-07,667.010010,673.119995,654.010010,673.080017,673.080017,473800
2015-05-08,675.830017,684.380005,674.640015,681.690002,681.690002,439100
2015-05-11,687.809998,692.320007,685.609985,692.289978,692.289978,433500
2015-05-12,694.799988,697.989990,685.890015,686.739990,686.739990,546400
2015-05-13,687.750000,693.299988,681.299988,692.229980,692.229980,522100
2015-05-14,695.109985,699.340027,693.429993,699.270020,699.270020,529700
2015-05-15,705.150024,708.080017,702.789978,705.400024,705.400024,517500
2015-05-18,707.729980,707.729980,700.179993,703.250000,703.250000,599800
2015-05-19,707.260010,707.349976,704.619995,706.789978,706.789978,530800
2015-05-20,709.710022,714.090027,709.679993,713.950012,713.950012,601700
2015-05-21,718.979980,719.270020,708.549988,715.640015,715.640015,522500
2015-05-22,718.989990,719.020020,711.580017,713.539978,713.539978,546900
2015-05-26,715.909973,715.909973,705.000000,708.659973,708.659973,457400
2015-05-27,705.700012,705.700012,696.080017,699.190002,699.190002,475900
2015-05-28,706.469971,711.210022,704.619995,709.010010,709.010010,484600
2015-05-29,710.619995,717.200012,710.500000,711.390015,711.390015,549300
2015-06-01,714.090027,715.909973,700.900024,715.729980,715.729980,578500
2015-06-02,718.000000,718.580017,704.770020,704.770020,704.770020,611100
2015-06-03,703.500000,710.969971,693.270020,696.969971,696.969971,693100
2015-06-04,702.130005,704.570007,700.609985,704.559998,704.559998,580100
2015-06-05,701.280029,708.229980,700.909973,707.270020,707.270020,557600
2015-06-08,711.359985,716.609985,708.359985,716.429993,716.429993,496400
2015-06-09,718.320007,722.520020,718.099976,722.510010,722.510010,506600
2015-06-10,726.630005,727.340027,713.070007,718.229980,718.229980,563300
2015-06-11,724.380005,724.570007,716.450012,717.000000,717.000000,505700
2015-06-12,720.090027,722.400024,708.229980,712.400024,712.400024,480000
2015-06-15,709.710022,714.919983,704.950012,705.849976,705.849976,413200
2015-06-16,706.840027,708.729980,690.799988,706.280029,706.280029,519300
2015-06-17,710.539978,718.630005,705.619995,718.609985,718.609985,476400
2015-06-18,724.429993,726.840027,722.599976,725.200012,725.200012,547600
2015-06-19,730.919983,731.059998,723.070007,729.919983,729.919983,540700
2015-06-22,735.119995,736.419983,731.460022,734.609985,734.609985,527600
2015-06-23,740.570007,740.869995,735.950012,739.820007,739.820007,547800
2015-06-24,743.169983,747.080017,740.650024,746.619995,746.619995,507100
2015-06-25,747.710022,753.989990,746.229980,753.659973,753.659973,540100
2015-06-26,756.460022,757.979980,750.479980,750.500000,750.500000,605500
2015-06-29,733.070007,746.619995,731.840027,733.039978,733.039978,477300
2015-06-30,730.289978,742.340027,714.510010,742.270020,742.270020,463300
2015-07-01,747.479980,760.760010,747.479980,760.669983,760.669983,561500
2015-07-02,766.580017,769.760010,764.969971,768.669983,768.669983,716900
2015-07-03,772.669983,772.719971,762.229980,769.260010,769.260010,671900
2015-07-06,758.000000,769.330017,752.010010,752.010010,752.010010,640800
2015-07-07,765.119995,765.390015,722.210022,729.640015,729.640015,761100
2015-07-08,735.460022,738.229980,714.859985,726.219971,726.219971,649000
2015-07-09,715.760010,726.429993,695.940002,726.010010,726.010010,654800
2015-07-10,734.159973,739.099976,725.400024,730.719971,730.719971,549100
2015-07-13,732.780029,749.530029,731.909973,749.460022,749.460022,552700
2015-07-14,757.719971,758.190002,750.909973,757.119995,757.119995,593400
2015-07-15,761.729980,762.799988,757.710022,761.590027,761.590027,679900
2015-07-16,764.159973,774.400024,760.219971,774.400024,774.400024,693900
2015-07-17,780.270020,780.270020,768.729980,773.229980,773.229980,774000
2015-07-20,778.190002,782.640015,776.409973,782.640015,782.640015,667800
2015-07-21,787.520020,788.130005,774.679993,781.989990,781.989990,761500
2015-07-22,780.390015,784.580017,776.280029,776.570007,776.570007,700600
2015-07-23,781.210022,782.299988,773.599976,776.989990,776.989990,882500
2015-07-24,778.539978,779.099976,773.640015,776.260010,776.260010,645200
2015-07-27,773.369995,773.369995,751.039978,751.039978,751.039978,600700
2015-07-28,738.869995,747.070007,722.830017,745.239990,745.239990,609600
2015-07-29,751.919983,755.229980,730.469971,730.469971,730.469971,734600
2015-07-30,736.969971,739.659973,711.109985,712.859985,712.859985,568800
2015-07-31,713.869995,725.059998,703.559998,725.059998,725.059998,512100
2015-08-03,728.030029,732.239990,714.340027,714.340027,714.340027,422100
2015-08-04,712.780029,730.059998,711.590027,730.030029,730.030029,422600
2015-08-05,733.000000,741.539978,732.299988,741.260010,741.260010,418300
2015-08-06,747.190002,750.750000,745.159973,747.739990,747.739990,448600
2015-08-07,743.820007,751.739990,741.719971,751.489990,751.489990,443800
2015-08-10,754.599976,754.599976,742.760010,746.340027,746.340027,432200
2015-08-11,752.719971,753.130005,732.260010,732.260010,732.260010,622200
2015-08-12,730.239990,731.719971,692.539978,717.200012,717.200012,583100
2015-08-13,716.609985,731.950012,711.539978,731.359985,731.359985,496900
2015-08-14,null,null,null,null,null,null
2015-08-17,733.969971,734.900024,722.010010,722.010010,722.010010,446200
2015-08-18,725.679993,726.460022,698.239990,699.799988,699.799988,596700
2015-08-19,692.309998,693.479980,652.119995,670.549988,670.549988,572100
2015-08-20,664.840027,678.890015,656.710022,656.710022,656.710022,439900
2015-08-21,625.559998,637.869995,615.099976,627.049988,627.049988,615400
2015-08-24,624.090027,640.669983,610.119995,613.330017,613.330017,515000
2015-08-25,625.609985,646.789978,612.349976,645.429993,645.429993,518700
2015-08-26,646.469971,667.440002,645.500000,667.440002,667.440002,546200
2015-08-27,677.890015,683.460022,670.239990,673.710022,673.710022,471400
2015-08-28,685.440002,689.039978,685.400024,687.960022,687.960022,433700
2015-08-31,689.900024,689.900024,682.140015,687.109985,687.109985,389800
2015-09-01,686.469971,691.669983,672.940002,672.940002,672.940002,456700
2015-09-02,659.599976,678.159973,657.669983,678.020020,678.020020,486700
2015-09-03,687.599976,688.559998,677.340027,678.250000,678.250000,553100
2015-09-04,682.299988,683.559998,647.780029,650.450012,650.450012,607400
2015-09-07,650.869995,658.900024,641.210022,648.799988,648.799988,393800
2015-09-08,652.080017,655.150024,632.200012,638.219971,638.219971,479100
2015-09-09,651.520020,660.669983,651.390015,660.669983,660.669983,450700
2015-09-10,655.130005,668.479980,653.260010,668.289978,668.289978,498700
2015-09-11,669.979980,672.119995,665.169983,669.869995,669.869995,557400
2015-09-14,674.450012,674.950012,659.190002,662.880005,662.880005,444200
2015-09-15,664.559998,667.179993,661.880005,666.750000,666.750000,888800
2015-09-16,673.320007,676.630005,671.789978,676.479980,676.479980,968900
2015-09-17,681.659973,681.659973,670.619995,671.049988,671.049988,740000
2015-09-18,678.250000,690.200012,677.929993,690.179993,690.179993,728100
2015-09-21,685.349976,689.219971,683.419983,688.900024,688.900024,717600
2015-09-22,691.460022,694.090027,689.049988,693.669983,693.669983,931000
2015-09-23,688.520020,692.070007,680.280029,680.280029,680.280029,1028000
2015-09-24,686.099976,687.229980,682.619995,683.880005,683.880005,869000
2015-09-25,685.469971,685.799988,676.840027,682.700012,682.700012,636100
2015-09-30,673.429993,678.500000,668.580017,678.479980,678.479980,814900
2015-10-01,685.890015,686.679993,684.119995,684.789978,684.789978,832200
2015-10-02,688.039978,688.830017,685.109985,686.419983,686.419983,694100
2015-10-05,693.539978,694.489990,691.190002,691.190002,691.190002,654200
2015-10-06,697.169983,697.169983,688.530029,689.059998,689.059998,843000
2015-10-07,690.289978,690.349976,678.880005,679.830017,679.830017,791100
2015-10-08,684.469971,685.289978,670.299988,674.969971,674.969971,686100
2015-10-12,677.450012,677.580017,672.570007,672.960022,672.960022,508000
2015-10-13,674.390015,676.739990,669.520020,672.820007,672.820007,735500
2015-10-14,673.159973,673.429993,668.030029,668.919983,668.919983,690400
2015-10-15,669.539978,676.059998,669.349976,676.049988,676.049988,744000
2015-10-16,681.010010,683.369995,680.729980,681.729980,681.729980,764500
2015-10-19,685.200012,685.340027,682.479980,684.289978,684.289978,920600
2015-10-20,685.750000,691.210022,684.609985,691.210022,691.210022,779900
2015-10-21,692.770020,693.059998,686.500000,686.500000,686.500000,949600
2015-10-22,686.010010,686.020020,675.690002,676.299988,676.299988,934800
2015-10-23,682.750000,683.489990,680.609985,681.969971,681.969971,1041700
2015-10-26,687.010010,690.849976,685.880005,690.729980,690.729980,722300
2015-10-27,691.799988,693.000000,687.679993,688.320007,688.320007,653300
2015-10-28,689.900024,693.950012,686.960022,693.530029,693.530029,711500
2015-10-29,696.270020,696.469971,689.719971,690.630005,690.630005,818200
2015-10-30,691.260010,692.419983,681.719971,683.630005,683.630005,757500
2015-11-02,683.539978,684.940002,679.849976,680.010010,680.010010,668400
2015-11-03,684.280029,685.309998,678.450012,682.130005,682.130005,728400
2015-11-04,683.979980,686.179993,680.539978,686.179993,686.179993,783700
2015-11-05,688.270020,694.429993,687.900024,694.429993,694.429993,765500
2015-11-06,697.559998,698.390015,692.229980,694.210022,694.210022,771800
2015-11-09,694.059998,694.059998,670.659973,671.840027,671.840027,715400
2015-11-10,667.140015,667.250000,650.559998,656.700012,656.700012,680000
2015-11-11,657.659973,667.450012,657.659973,667.210022,667.210022,634900
2015-11-12,670.599976,674.830017,670.599976,672.989990,672.989990,618900
2015-11-13,667.580017,670.760010,664.669983,670.520020,670.520020,763400
2015-11-16,659.400024,665.270020,656.969971,659.200012,659.200012,635000
2015-11-17,666.900024,672.400024,666.809998,672.169983,672.169983,753600
2015-11-18,673.869995,676.700012,670.669983,670.669983,670.669983,992800
2015-11-19,678.969971,680.570007,675.510010,680.570007,680.570007,856900
2015-11-20,681.979980,685.669983,680.869995,685.159973,685.159973,861700
2015-11-23,688.239990,689.109985,686.239990,688.289978,688.289978,669700
2015-11-24,688.940002,689.570007,686.690002,687.859985,687.859985,823500
2015-11-25,689.409973,690.250000,687.500000,688.780029,688.780029,864200
2015-11-26,691.669983,694.380005,691.570007,693.419983,693.419983,786600
2015-11-27,696.890015,698.179993,692.729980,694.210022,694.210022,769700
2015-11-30,695.690002,695.809998,683.520020,688.380005,688.380005,638900
2015-12-01,690.489990,692.109985,687.969971,691.950012,691.950012,668600
2015-12-02,694.780029,695.200012,690.320007,690.320007,690.320007,786500
2015-12-03,688.520020,690.969971,683.789978,690.770020,690.770020,770200
2015-12-04,683.469971,688.950012,683.140015,685.770020,685.770020,776600
2015-12-07,691.349976,691.479980,683.340027,683.340027,683.340027,695500
2015-12-08,682.729980,683.619995,666.309998,668.419983,668.419983,717600
2015-12-09,668.169983,671.260010,664.080017,664.080017,664.080017,854100
2015-12-10,663.690002,666.340027,652.059998,658.080017,658.080017,993300
2015-12-11,660.869995,661.989990,651.349976,653.479980,653.479980,811900
2015-12-14,642.979980,642.979980,630.369995,630.369995,630.369995,628100
2015-12-15,634.400024,640.239990,633.320007,639.780029,639.780029,605000
2015-12-16,646.750000,650.549988,646.450012,647.270020,647.270020,652600
2015-12-17,653.919983,658.150024,649.440002,658.109985,658.109985,623200
2015-12-18,654.359985,667.450012,652.979980,667.450012,667.450012,592700
2015-12-21,665.619995,669.250000,665.530029,668.650024,668.650024,540200
2015-12-22,671.390015,671.390015,661.520020,663.419983,663.419983,695100
2015-12-23,665.890015,665.890015,659.580017,659.599976,659.599976,778700
2015-12-24,662.830017,663.169983,656.530029,656.530029,656.530029,671300
2015-12-28,657.570007,658.250000,651.630005,652.049988,652.049988,596000
2015-12-29,656.820007,673.229980,656.820007,673.219971,673.219971,558700
2015-12-30,677.080017,683.340027,674.869995,682.349976,682.349976,512400
2016-01-04,686.409973,691.559998,677.789978,677.789978,677.789978,502700
2016-01-05,670.450012,684.070007,670.440002,684.070007,684.070007,741700
2016-01-06,687.000000,689.109985,675.479980,687.270020,687.270020,747600
2016-01-07,687.500000,690.650024,675.010010,679.659973,679.659973,692100
2016-01-08,668.030029,682.559998,662.280029,682.559998,682.559998,710700
2016-01-11,681.619995,685.640015,674.099976,674.960022,674.960022,586400
2016-01-12,679.099976,682.260010,671.229980,671.299988,671.299988,575200
2016-01-13,677.349976,686.030029,677.349976,686.030029,686.030029,729700
2016-01-14,675.859985,683.489990,674.289978,683.190002,683.190002,561200
2016-01-15,693.070007,693.549988,676.530029,678.429993,678.429993,595800
2016-01-18,671.960022,683.869995,671.960022,683.630005,683.630005,542400
2016-01-19,683.219971,685.200012,674.929993,681.250000,681.250000,605500
2016-01-20,684.690002,685.619995,659.719971,669.679993,669.679993,752800
2016-01-21,671.369995,673.840027,661.229980,665.840027,665.840027,578100
2016-01-22,672.130005,673.719971,662.809998,670.950012,670.950012,552200
2016-01-25,677.140015,681.849976,675.239990,681.429993,681.429993,463200
2016-01-26,679.099976,682.400024,677.289978,678.849976,678.849976,526900
2016-01-27,683.750000,684.840027,673.210022,675.250000,675.250000,636700
2016-01-28,675.559998,681.520020,672.659973,681.289978,681.289978,601900
2016-01-29,683.760010,683.760010,677.070007,682.799988,682.799988,579400
2016-02-01,687.650024,688.150024,681.900024,685.549988,685.549988,450200
2016-02-02,685.679993,686.969971,683.140015,684.859985,684.859985,553700
2016-02-03,681.950012,684.159973,676.739990,680.940002,680.940002,488900
2016-02-04,683.570007,684.710022,678.469971,683.619995,683.619995,537000
2016-02-05,683.429993,684.429993,680.200012,681.309998,681.309998,511600
2016-02-11,665.700012,666.989990,647.679993,647.690002,647.690002,526100
2016-02-12,639.330017,640.929993,594.750000,608.450012,608.450012,731100
2016-02-15,617.059998,621.729980,609.309998,621.369995,621.369995,544900
2016-02-16,626.849976,635.989990,626.849976,634.950012,634.950012,494000
2016-02-17,637.250000,638.969971,623.130005,623.489990,623.489990,520300
2016-02-18,633.440002,638.429993,633.289978,638.429993,638.429993,492300
2016-02-19,638.799988,645.020020,637.119995,644.559998,644.559998,445700
2016-02-22,646.349976,651.130005,644.150024,650.140015,650.140015,527900
2016-02-23,655.080017,655.219971,641.559998,642.309998,642.309998,686700
2016-02-24,640.750000,647.390015,639.539978,643.979980,643.979980,583800
2016-02-25,648.580017,650.580017,644.059998,646.270020,646.270020,570000
2016-02-26,649.330017,651.090027,647.030029,649.299988,649.299988,459500
2016-02-29,652.260010,652.869995,648.070007,651.619995,651.619995,575200
2016-03-02,658.950012,662.309998,658.640015,662.250000,662.250000,518400
2016-03-03,664.940002,669.099976,660.789978,669.010010,669.010010,543400
2016-03-04,670.440002,674.690002,668.989990,673.840027,673.840027,531800
2016-03-07,677.309998,678.950012,671.340027,672.210022,672.210022,546300
2016-03-08,675.070007,677.059998,666.299988,674.320007,674.320007,554600
2016-03-09,673.929993,680.530029,673.619995,679.640015,679.640015,452100
2016-03-10,682.299988,687.599976,682.299988,687.599976,687.599976,534800
2016-03-11,686.330017,689.520020,686.090027,689.169983,689.169983,506100
2016-03-14,693.059998,696.109985,691.049988,691.049988,691.049988,475200
2016-03-15,692.780029,697.909973,692.609985,693.340027,693.340027,571500
2016-03-16,694.450012,699.710022,691.989990,693.440002,693.440002,594100
2016-03-17,698.770020,699.760010,691.320007,691.489990,691.489990,632400
2016-03-18,694.859985,695.590027,692.419983,695.020020,695.020020,699000
2016-03-21,698.590027,698.880005,691.549988,692.419983,692.419983,638800
2016-03-22,694.270020,694.960022,689.799988,691.510010,691.510010,679100
2016-03-23,692.559998,693.469971,689.390015,689.390015,689.390015,705700
2016-03-24,689.869995,691.030029,686.109985,686.260010,686.260010,678700
2016-03-25,null,null,null,null,null,null
2016-03-28,685.059998,685.460022,676.280029,676.510010,676.510010,649000
2016-03-29,678.750000,686.500000,678.719971,686.500000,686.500000,666700
2016-03-30,690.849976,692.169983,690.039978,691.130005,691.130005,697600
2016-03-31,693.020020,693.130005,687.090027,688.380005,688.380005,642700
2016-04-01,690.179993,694.979980,689.049988,690.690002,690.690002,556900
2016-04-04,693.799988,697.000000,692.729980,696.979980,696.979980,551800
2016-04-05,698.299988,698.299988,693.049988,695.700012,695.700012,584200
2016-04-06,697.109985,697.109985,692.820007,694.030029,694.030029,642700
2016-04-07,696.909973,697.729980,695.479980,697.130005,697.130005,690100
2016-04-08,696.469971,697.280029,695.049988,697.099976,697.099976,631400
2016-04-11,700.039978,700.359985,693.010010,693.010010,693.010010,558300
2016-04-12,693.799988,695.219971,691.520020,693.450012,693.450012,635400
2016-04-14,698.030029,698.260010,691.650024,693.419983,693.419983,704000
2016-04-15,696.369995,697.000000,693.799988,695.619995,695.619995,693600
2016-04-18,695.780029,695.979980,693.000000,695.340027,695.340027,706800
2016-04-19,697.309998,701.799988,696.219971,701.679993,701.679993,684100
2016-04-20,703.549988,704.440002,699.849976,699.859985,699.859985,737300
2016-04-21,702.210022,702.320007,698.390015,701.619995,701.619995,834100
2016-04-22,702.900024,703.890015,700.979980,703.049988,703.049988,702700
2016-04-25,705.369995,705.440002,702.419983,703.700012,703.700012,700200
2016-04-26,705.510010,705.510010,700.760010,702.059998,702.059998,778200
2016-04-27,704.419983,704.590027,699.409973,699.520020,699.520020,757000
2016-04-28,702.039978,703.950012,699.679993,699.700012,699.700012,665300
2016-04-29,699.890015,700.140015,695.820007,699.770020,699.770020,645800
2016-05-02,700.429993,700.739990,690.270020,690.270020,690.270020,681200
2016-05-03,693.669983,699.239990,693.669983,698.659973,698.659973,819100
2016-05-04,698.020020,698.299988,693.250000,694.169983,694.169983,826600
2016-05-09,696.659973,697.140015,690.849976,691.820007,691.820007,630400
2016-05-10,693.469971,700.530029,693.440002,700.229980,700.229980,570000
2016-05-11,704.320007,704.530029,701.289978,703.940002,703.940002,637900
2016-05-12,702.460022,706.489990,699.869995,705.039978,705.039978,614200
2016-05-13,705.849976,705.919983,703.650024,704.369995,704.369995,617600
2016-05-16,705.030029,705.039978,701.250000,701.460022,701.460022,660200
2016-05-17,703.080017,703.239990,693.070007,695.950012,695.950012,712200
2016-05-18,694.900024,694.900024,683.809998,683.869995,683.869995,697200
2016-05-19,685.359985,686.609985,678.479980,679.390015,679.390015,748900
2016-05-20,679.650024,686.440002,679.650024,684.919983,684.919983,798500
2016-05-23,688.869995,691.679993,688.530029,691.000000,691.000000,727500
2016-05-24,691.919983,692.049988,686.869995,687.710022,687.710022,901400
2016-05-25,693.650024,693.650024,688.000000,689.330017,689.330017,1000700
2016-05-26,691.900024,692.640015,686.619995,687.940002,687.940002,831800
2016-05-27,689.960022,692.020020,688.809998,691.539978,691.539978,710900
2016-05-30,694.000000,694.340027,689.929993,692.059998,692.059998,689100
2016-05-31,692.820007,698.450012,691.929993,698.450012,698.450012,672800
2016-06-01,699.489990,700.630005,698.760010,700.030029,700.030029,711400
2016-06-02,702.260010,702.409973,699.059998,701.150024,701.150024,853800
2016-06-03,703.440002,703.500000,698.789978,701.429993,701.429993,889700
2016-06-07,703.820007,705.820007,703.549988,704.770020,704.770020,774300
2016-06-08,705.690002,705.690002,702.390015,703.989990,703.989990,826100
2016-06-09,706.320007,707.809998,696.530029,705.080017,705.080017,1162800
2016-06-10,705.309998,707.109985,703.549988,706.809998,706.809998,990000
2016-06-13,702.580017,702.580017,695.609985,695.609985,695.609985,820600
2016-06-14,693.599976,697.239990,687.559998,692.940002,692.940002,810200
2016-06-15,693.239990,696.789978,687.679993,694.659973,694.659973,869200
2016-06-16,697.270020,697.630005,677.820007,680.250000,680.250000,1175500
2016-06-17,685.150024,687.219971,674.820007,678.859985,678.859985,1246000
2016-06-20,682.909973,689.109985,682.909973,688.950012,688.950012,1009300
2016-06-21,691.539978,691.849976,685.349976,688.549988,688.549988,952800
2016-06-22,689.270020,690.630005,688.179993,688.179993,688.179993,998600
2016-06-23,686.359985,686.450012,674.039978,679.520020,679.520020,1028600
2016-06-24,687.400024,688.119995,631.179993,647.159973,647.159973,1590700
2016-06-27,629.210022,650.609985,626.989990,648.119995,648.119995,1008400
2016-06-28,643.059998,660.030029,641.169983,659.299988,659.299988,1090600
2016-06-29,666.729980,672.109985,664.690002,669.880005,669.880005,926800
2016-06-30,675.400024,676.530029,673.109985,675.090027,675.090027,940000
2016-07-01,679.210022,684.820007,679.210022,684.260010,684.260010,880700
2016-07-04,688.000000,688.200012,685.270020,688.150024,688.150024,975900
2016-07-05,690.109985,692.799988,687.000000,692.729980,692.729980,913000
2016-07-06,691.419983,692.880005,680.320007,685.510010,685.510010,1218200
2016-07-07,689.909973,696.179993,689.909973,695.950012,695.950012,989500
2016-07-08,698.609985,698.690002,688.809998,692.599976,692.599976,860500
2016-07-11,695.460022,697.260010,692.750000,697.250000,697.250000,669100
2016-07-12,700.090027,700.820007,696.380005,699.400024,699.400024,772800
2016-07-13,703.530029,704.690002,702.039978,702.650024,702.650024,1062800
2016-07-14,704.130005,704.130005,699.030029,703.340027,703.340027,1096400
2016-07-15,706.210022,706.210022,699.239990,700.280029,700.280029,1125900
2016-07-18,701.950012,702.169983,698.690002,700.900024,700.900024,898000
2016-07-19,703.409973,703.979980,700.830017,702.440002,702.440002,1056500
2016-07-20,704.020020,705.349976,703.200012,705.030029,705.030029,922400
2016-07-21,708.700012,709.890015,707.820007,708.119995,708.119995,959600
2016-07-22,708.890015,708.890015,706.159973,707.539978,707.539978,1134400
2016-07-25,710.210022,710.419983,704.830017,704.960022,704.960022,896600
2016-07-26,705.799988,705.989990,702.979980,705.400024,705.400024,1006800
2016-07-27,707.270020,708.099976,700.940002,701.090027,701.090027,774200
2016-07-28,702.940002,705.229980,701.159973,703.780029,703.780029,789200
2016-07-29,705.390015,706.830017,705.130005,706.239990,706.239990,757900
2016-08-01,708.840027,708.940002,703.719971,703.719971,703.719971,693900
2016-08-02,704.250000,704.559998,700.320007,700.900024,700.900024,725700
2016-08-03,700.400024,700.429993,694.880005,698.320007,698.320007,738000
2016-08-04,701.200012,703.719971,700.950012,701.669983,701.669983,687600
2016-08-05,703.869995,704.030029,694.489990,696.090027,696.090027,638400
2016-08-08,698.669983,698.799988,694.359985,696.429993,696.429993,588300
2016-08-09,697.859985,701.929993,697.419983,700.729980,700.729980,638800
2016-08-10,703.739990,707.940002,702.390015,707.460022,707.460022,662900
2016-08-11,709.299988,709.669983,702.559998,703.330017,703.330017,708200
2016-08-12,705.219971,705.500000,702.869995,705.179993,705.179993,698300
2016-08-16,706.400024,706.400024,698.869995,698.869995,698.869995,567600
2016-08-17,697.979980,698.020020,688.140015,693.669983,693.669983,641500
2016-08-18,696.940002,697.650024,695.130005,696.929993,696.929993,624400
2016-08-19,698.869995,699.049988,695.869995,696.200012,696.200012,544300
2016-08-22,697.500000,697.539978,688.150024,688.150024,688.150024,629000
2016-08-23,688.679993,692.190002,687.369995,687.380005,687.380005,663700
2016-08-24,689.859985,690.440002,687.609985,687.780029,687.780029,650900
2016-08-25,688.799988,688.989990,683.830017,683.960022,683.960022,645700
2016-08-26,684.919983,684.919983,679.260010,680.429993,680.429993,727800
2016-08-29,679.159973,679.169983,663.530029,663.580017,663.580017,723200
2016-08-30,667.200012,671.489990,665.599976,667.609985,667.609985,591700
2016-08-31,668.630005,669.049988,656.210022,663.690002,663.690002,610800
2016-09-01,664.330017,671.369995,663.859985,671.289978,671.289978,649800
2016-09-02,673.159973,677.159973,670.960022,676.909973,676.909973,583000
2016-09-05,680.020020,681.140015,678.479980,679.489990,679.489990,557800
2016-09-06,681.140015,681.520020,677.859985,679.260010,679.260010,746500
2016-09-07,681.010010,681.890015,672.489990,672.489990,672.489990,691600
2016-09-08,673.599976,675.150024,660.840027,667.400024,667.400024,914900
2016-09-09,667.460022,667.460022,659.669983,664.989990,664.989990,747600
2016-09-12,654.489990,660.400024,652.909973,652.909973,652.909973,772600
2016-09-13,659.479980,661.059998,657.030029,660.150024,660.150024,623100
2016-09-19,661.809998,666.760010,661.809998,666.640015,666.640015,713200
2016-09-20,667.159973,674.710022,666.770020,674.510010,674.510010,731400
2016-09-21,676.559998,678.359985,675.700012,678.280029,678.280029,893900
2016-09-22,682.940002,685.869995,682.179993,685.239990,685.239990,946800
2016-09-23,687.159973,688.989990,685.289978,688.590027,688.590027,793500
2016-09-26,688.890015,690.570007,686.750000,686.760010,686.760010,774600
2016-09-27,685.150024,688.109985,683.289978,687.989990,687.989990,720800
2016-09-28,689.599976,690.159973,686.760010,686.760010,686.760010,642900
2016-09-29,689.340027,690.440002,688.429993,689.830017,689.830017,743900
2016-09-30,688.489990,688.489990,680.099976,681.210022,681.210022,680600
2016-10-04,682.320007,686.799988,681.280029,685.880005,685.880005,533500
2016-10-05,686.030029,687.330017,684.369995,685.440002,685.440002,587000
2016-10-06,686.690002,687.929993,684.140015,684.330017,684.330017,640800
2016-10-07,685.960022,686.239990,675.599976,675.900024,675.900024,702700
2016-10-10,676.020020,678.700012,674.080017,674.739990,674.739990,643600
2016-10-11,676.090027,677.289978,669.219971,670.640015,670.640015,644500
2016-10-12,668.090027,672.119995,667.909973,669.950012,669.950012,594000
2016-10-13,671.690002,671.799988,663.000000,663.090027,663.090027,599600
2016-10-14,664.429993,666.039978,663.510010,664.919983,664.919983,608400
2016-10-17,666.260010,666.280029,659.140015,659.830017,659.830017,512000
2016-10-18,660.580017,662.340027,658.539978,660.289978,660.289978,524400
2016-10-19,662.460022,664.229980,660.630005,661.260010,661.260010,527700
2016-10-20,663.059998,663.489990,655.020020,655.679993,655.679993,555900
2016-10-21,656.020020,656.989990,651.369995,651.770020,651.770020,506800
2016-10-24,654.010010,654.799988,647.340027,647.880005,647.880005,561100
2016-10-25,648.400024,649.020020,636.400024,640.169983,640.169983,629400
2016-10-26,638.070007,639.000000,626.659973,635.510010,635.510010,729300
2016-10-27,636.469971,648.659973,636.469971,648.570007,648.570007,468300
2016-10-28,648.900024,648.929993,640.159973,640.169983,640.169983,505800
2016-10-31,638.619995,638.619995,623.369995,624.679993,624.679993,558300
2016-11-01,621.690002,631.200012,621.690002,626.380005,626.380005,595600
2016-11-02,624.460022,624.580017,606.039978,606.059998,606.059998,632700
2016-11-03,602.330017,613.570007,602.309998,609.989990,609.989990,494000
2016-11-04,610.070007,611.760010,605.780029,610.820007,610.820007,505800
2016-11-07,614.929993,622.169983,614.929993,622.169983,622.169983,530300
2016-11-08,626.390015,626.500000,621.349976,624.190002,624.190002,534300
2016-11-09,626.530029,627.020020,581.640015,599.739990,599.739990,1068000
2016-11-10,615.159973,623.229980,614.859985,623.229980,623.229980,624300
2016-11-11,622.450012,625.460022,618.380005,621.890015,621.890015,515300
2016-11-14,622.599976,623.010010,620.380005,621.229980,621.229980,478300
2016-11-15,621.820007,623.200012,616.530029,617.429993,617.429993,532500
2016-11-16,620.809998,627.830017,620.809998,627.830017,627.830017,601600
2016-11-17,629.049988,629.080017,624.520020,627.760010,627.760010,666400
2016-11-18,628.719971,628.719971,619.580017,620.260010,620.260010,619900
2016-11-21,618.630005,618.630005,609.099976,609.330017,609.330017,628600
2016-11-22,612.419983,614.789978,608.669983,610.739990,610.739990,649000
2016-11-23,612.359985,612.409973,599.890015,600.289978,600.289978,622200
2016-11-24,600.489990,603.130005,590.489990,592.650024,592.650024,603300
2016-11-25,592.599976,597.869995,591.169983,597.820007,597.820007,535600
2016-11-28,599.409973,600.130005,593.049988,593.049988,593.049988,551400
2016-11-29,592.549988,597.289978,590.840027,596.070007,596.070007,802700
2016-11-30,597.380005,597.489990,594.130005,596.109985,596.109985,560800
2016-12-01,596.520020,596.890015,591.640015,593.849976,593.849976,635200
2016-12-02,593.210022,593.450012,586.729980,586.729980,586.729980,554200
2016-12-05,584.559998,584.619995,575.119995,575.119995,575.119995,620800
2016-12-06,578.179993,583.229980,578.179993,581.349976,581.349976,546000
2016-12-07,584.119995,584.880005,573.539978,578.520020,578.520020,601700
2016-12-08,581.880005,586.460022,581.109985,584.619995,584.619995,672400
2016-12-09,585.799988,594.530029,585.239990,594.349976,594.349976,603200
2016-12-12,599.099976,603.119995,598.400024,603.080017,603.080017,625800
2016-12-13,604.309998,611.169983,601.690002,611.090027,611.090027,638100
2016-12-14,614.590027,615.710022,611.479980,612.469971,612.469971,698100
2016-12-15,610.510010,620.609985,610.119995,620.609985,620.609985,597500
2016-12-16,622.520020,623.039978,617.929993,622.080017,622.080017,771300
2016-12-19,624.229980,624.229980,620.419983,622.770020,622.770020,649000
2016-12-20,624.289978,624.809998,617.979980,617.989990,617.989990,664500
2016-12-21,620.340027,621.049988,616.219971,618.630005,618.630005,841500
2016-12-22,619.609985,620.159973,615.909973,615.929993,615.929993,873500
2016-12-23,617.140015,620.469971,616.299988,619.750000,619.750000,701700
2016-12-26,null,null,null,null,null,null
2016-12-27,616.659973,619.419983,616.659973,618.380005,618.380005,692400
2016-12-28,622.260010,627.330017,621.070007,627.270020,627.270020,628300
2016-12-29,626.210022,631.510010,624.229980,631.440002,631.440002,582800
2017-01-02,null,null,null,null,null,null
2017-01-03,633.299988,636.650024,633.099976,636.570007,636.570007,622500
2017-01-04,638.729980,639.909973,636.739990,639.789978,639.789978,617500
2017-01-05,642.010010,642.640015,640.869995,642.479980,642.479980,811300
2017-01-06,643.960022,644.169983,641.960022,643.679993,643.679993,758400
2017-01-09,645.919983,645.919983,642.150024,642.150024,642.150024,667300
2017-01-10,642.849976,643.250000,636.260010,636.729980,636.729980,802100
2017-01-11,637.559998,639.289978,637.190002,637.900024,637.900024,918700
2017-01-12,639.039978,639.130005,632.210022,632.869995,632.869995,824100
2017-01-13,633.880005,637.469971,631.669983,634.679993,634.679993,754600
2017-01-16,636.770020,636.799988,627.280029,627.880005,627.880005,650000
2017-01-17,628.299988,630.159973,623.489990,624.000000,624.000000,752500
2017-01-18,624.869995,626.890015,621.700012,626.890015,626.890015,673200
2017-01-19,629.630005,630.260010,626.190002,626.190002,626.190002,711800
2017-01-20,626.500000,626.859985,622.119995,622.119995,622.119995,721900
2017-01-23,623.280029,623.650024,615.989990,615.989990,615.989990,698000
2017-01-24,616.359985,616.950012,612.890015,612.929993,612.929993,682300
2017-01-25,615.369995,616.719971,609.250000,609.640015,609.640015,773900
2017-01-26,611.429993,616.809998,610.049988,616.809998,616.809998,639700
2017-01-31,616.770020,618.320007,615.059998,616.130005,616.130005,727000
2017-02-01,617.299988,623.679993,617.260010,623.679993,623.679993,938200
2017-02-02,623.460022,623.460022,613.020020,613.039978,613.039978,1268200
2017-02-03,614.369995,614.830017,606.719971,609.210022,609.210022,1217700
2017-02-06,610.789978,611.440002,607.770020,610.960022,610.960022,654500
2017-02-07,611.650024,612.619995,606.590027,608.719971,608.719971,683100
2017-02-08,609.719971,609.840027,604.750000,608.789978,608.789978,722400
2017-02-09,610.109985,611.219971,607.369995,611.039978,611.039978,1048200
2017-02-10,612.380005,613.530029,609.840027,610.580017,610.580017,1112000
2017-02-13,611.590027,611.940002,609.359985,611.940002,611.940002,867000
2017-02-14,613.229980,613.349976,609.520020,611.539978,611.539978,836300
2017-02-15,612.700012,616.169983,612.159973,615.950012,615.950012,895600
2017-02-16,617.859985,617.960022,613.940002,616.580017,616.580017,962600
2017-02-17,615.719971,619.400024,615.520020,618.700012,618.700012,1123800
2017-02-20,620.179993,620.460022,618.979980,619.969971,619.969971,918000
2017-02-21,621.489990,622.840027,620.979980,622.469971,622.469971,1171700
2017-02-22,623.880005,624.130005,621.390015,621.390015,621.390015,964800
2017-02-23,622.409973,622.960022,617.669983,617.669983,617.669983,811200
2017-02-24,619.349976,620.039978,614.710022,614.750000,614.750000,967400
2017-02-27,615.770020,615.830017,612.119995,612.119995,612.119995,617500
2017-02-28,613.669983,614.359985,611.130005,612.200012,612.200012,675800
2017-03-02,614.580017,614.590027,608.609985,608.929993,608.929993,705500
2017-03-03,607.590027,607.590027,597.429993,600.729980,600.729980,902000
2017-03-06,598.979980,604.289978,597.659973,604.049988,604.049988,707700
2017-03-07,603.570007,606.099976,602.950012,606.049988,606.049988,1018800
2017-03-08,607.150024,607.419983,604.799988,605.750000,605.750000,882900
2017-03-09,607.580017,610.580017,605.299988,606.130005,606.130005,885200
2017-03-10,607.010010,612.260010,596.849976,612.260010,612.260010,1244800
2017-03-13,613.789978,615.869995,613.440002,615.590027,615.590027,805100
2017-03-14,617.070007,617.210022,613.929993,614.119995,614.119995,1063400
2017-03-15,615.380005,615.539978,608.030029,608.679993,608.679993,1072600
2017-03-16,611.479980,613.880005,610.599976,613.880005,613.880005,904900
2017-03-17,615.090027,615.090027,611.650024,613.260010,613.260010,823300
2017-03-20,613.729980,613.729980,607.479980,609.109985,609.109985,735100
2017-03-21,610.700012,612.130005,608.659973,609.729980,609.729980,831300
2017-03-22,608.359985,611.489990,606.799988,607.570007,607.570007,718800
2017-03-23,609.359985,609.679993,604.479980,605.530029,605.530029,824100
2017-03-24,607.340027,608.280029,605.590027,608.179993,608.179993,746400
2017-03-27,609.630005,611.030029,606.960022,607.070007,607.070007,813800
2017-03-28,608.750000,612.280029,607.979980,612.280029,612.280029,806000
2017-03-29,614.650024,614.659973,612.549988,613.630005,613.630005,788100
2017-03-30,615.340027,615.429993,613.090027,614.679993,614.679993,799600
2017-03-31,616.200012,619.479980,615.429993,619.280029,619.280029,775600
2017-04-03,621.469971,628.520020,620.340027,628.520020,628.520020,767700
2017-04-04,629.229980,629.780029,625.200012,625.489990,625.489990,994500
2017-04-05,627.890015,630.169983,626.940002,630.169983,630.169983,923700
2017-04-06,630.590027,630.590027,625.200012,630.460022,630.460022,873400
2017-04-07,632.159973,633.489990,629.609985,633.320007,633.320007,833200
2017-04-10,633.239990,633.239990,617.159973,619.409973,619.409973,865600
2017-04-11,620.250000,625.179993,614.210022,621.640015,621.640015,813400
2017-04-12,622.539978,622.729980,619.270020,621.450012,621.450012,695600
2017-04-13,622.489990,624.150024,622.380005,623.869995,623.869995,742500
2017-04-14,null,null,null,null,null,null
2017-04-17,621.450012,629.469971,621.450012,629.469971,629.469971,599200
2017-04-18,632.400024,634.820007,630.270020,634.729980,634.729980,914100
2017-04-19,634.929993,636.419983,633.640015,635.989990,635.989990,814000
2017-04-20,636.869995,637.489990,635.440002,635.799988,635.799988,875200
2017-04-21,638.020020,638.020020,633.700012,634.960022,634.960022,700900
2017-04-24,635.580017,635.580017,626.619995,626.619995,626.619995,709200
2017-04-25,629.210022,632.570007,629.210022,632.570007,632.570007,820900
2017-04-26,635.049988,635.380005,634.299988,635.109985,635.109985,753700
2017-04-27,636.239990,636.289978,630.919983,631.109985,631.109985,682500
2017-04-28,632.830017,632.830017,627.280029,628.239990,628.239990,755500
2017-05-02,629.210022,629.530029,626.400024,626.429993,626.429993,596100
2017-05-04,628.099976,635.109985,628.099976,635.109985,635.109985,509200
2017-05-08,638.359985,643.390015,638.090027,643.390015,643.390015,550900
2017-05-10,645.700012,645.700012,641.539978,642.679993,642.679993,768700
2017-05-11,644.440002,647.580017,643.349976,647.580017,647.580017,731400
2017-05-12,648.559998,648.559998,642.960022,643.729980,643.729980,762400
2017-05-15,644.590027,646.309998,642.789978,645.380005,645.380005,699800
2017-05-16,646.500000,646.500000,638.429993,639.109985,639.109985,723800
2017-05-17,640.869995,641.479980,638.929993,640.010010,640.010010,624400
2017-05-18,633.400024,638.159973,633.140015,638.119995,638.119995,785400
2017-05-19,640.330017,643.059998,639.169983,642.450012,642.450012,726600
2017-05-22,645.039978,645.159973,641.599976,642.619995,642.619995,753200
2017-05-23,644.590027,645.440002,644.000000,644.729980,644.729980,800700
2017-05-24,646.440002,648.049988,645.030029,646.039978,646.039978,844300
2017-05-25,648.250000,648.289978,642.869995,643.020020,643.020020,766900
2017-05-26,644.969971,646.450012,644.299988,646.010010,646.010010,656900
2017-05-29,648.150024,648.219971,642.750000,642.979980,642.979980,626600
2017-05-30,645.090027,649.090027,644.340027,649.059998,649.059998,599200
2017-05-31,650.510010,652.520020,649.510010,652.039978,652.039978,664000
2017-06-01,653.570007,654.229980,651.099976,653.830017,653.830017,670500
2017-06-02,656.429993,658.820007,655.820007,658.780029,658.780029,638000
2017-06-05,660.770020,662.369995,659.760010,662.320007,662.320007,583300
2017-06-07,664.070007,666.580017,661.099976,666.460022,666.460022,790900
2017-06-08,668.250000,670.049988,667.000000,669.969971,669.969971,672800
2017-06-09,672.140015,674.150024,671.200012,674.150024,674.150024,623300
2017-06-12,672.090027,672.119995,664.119995,664.859985,664.859985,579500
2017-06-13,666.070007,669.260010,666.070007,669.229980,669.229980,626900
2017-06-14,673.020020,674.359985,670.260010,671.590027,671.590027,645500
2017-06-15,672.969971,673.099976,664.989990,669.820007,669.820007,672700
2017-06-16,670.770020,670.820007,667.729980,670.700012,670.700012,608300
2017-06-19,672.719971,675.710022,672.250000,675.440002,675.440002,580100
2017-06-20,678.719971,678.820007,669.409973,669.409973,669.409973,734000
2017-06-21,668.409973,668.440002,662.679993,665.770020,665.770020,616000
2017-06-22,667.989990,668.359985,663.260010,663.280029,663.280029,700700
2017-06-23,665.190002,669.049988,665.020020,668.929993,668.929993,560300
2017-06-26,670.590027,670.780029,667.710022,668.359985,668.359985,586200
2017-06-27,671.700012,673.130005,670.869995,672.630005,672.630005,639700
2017-06-28,671.260010,672.359985,665.890015,665.890015,665.890015,601800
2017-06-29,670.099976,670.559998,666.000000,668.000000,668.000000,515400
2017-06-30,665.669983,669.119995,665.570007,669.039978,669.039978,511600
2017-07-03,671.169983,671.169983,660.039978,660.969971,660.969971,560800
2017-07-04,662.169983,663.849976,654.059998,656.190002,656.190002,735100
2017-07-05,657.700012,661.580017,657.690002,661.539978,661.539978,565100
2017-07-06,663.789978,665.049988,662.669983,663.789978,663.789978,555500
2017-07-07,662.659973,664.289978,660.989990,663.770020,663.770020,551500
2017-07-10,666.190002,666.190002,657.669983,657.859985,657.859985,512900
2017-07-11,659.270020,659.909973,654.500000,656.010010,656.010010,542000
2017-07-12,657.059998,657.900024,651.090027,651.099976,651.099976,586100
2017-07-13,654.010010,655.159973,651.599976,652.690002,652.690002,490900
2017-07-14,654.239990,655.450012,651.270020,654.109985,654.109985,533500
2017-07-17,656.969971,659.890015,656.969971,659.890015,659.890015,415400
2017-07-18,661.159973,664.039978,661.159973,664.020020,664.020020,570300
2017-07-19,666.299988,671.530029,666.299988,671.530029,671.530029,500900
2017-07-20,674.059998,677.590027,672.369995,676.510010,676.510010,569900
2017-07-21,677.840027,678.150024,674.599976,676.599976,676.599976,523700
2017-07-24,678.590027,679.460022,676.630005,677.320007,677.320007,529200
2017-07-25,678.700012,679.479980,670.099976,670.469971,670.469971,677800
2017-07-26,672.429993,672.630005,664.130005,667.219971,667.219971,593900
2017-07-27,669.219971,670.599976,664.530029,666.479980,666.479980,527900
2017-07-28,665.080017,665.080017,651.840027,652.950012,652.950012,559700
2017-07-31,648.840027,651.830017,643.770020,650.469971,650.469971,504700
2017-08-01,650.890015,655.070007,649.700012,653.119995,653.119995,487800
2017-08-02,654.849976,658.280029,654.830017,657.520020,657.520020,494700
2017-08-03,658.700012,658.940002,641.630005,643.090027,643.090027,528200
2017-08-04,644.799988,648.340027,638.869995,641.580017,641.580017,459100
2017-08-07,643.359985,650.010010,642.820007,648.390015,648.390015,455700
2017-08-08,650.780029,651.909973,645.729980,651.669983,651.669983,607600
2017-08-09,649.390015,650.090027,642.869995,642.869995,642.869995,849000
2017-08-10,642.799988,646.559998,635.059998,640.039978,640.039978,770400
2017-08-11,629.809998,635.289978,626.080017,628.340027,628.340027,606400
2017-08-14,632.520020,633.989990,629.260010,629.369995,629.369995,548300
2017-08-16,634.440002,635.969971,634.099976,634.909973,634.909973,607400
2017-08-17,638.119995,642.280029,635.739990,642.109985,642.109985,531900
2017-08-18,636.940002,643.859985,636.440002,643.580017,643.580017,528500
2017-08-21,645.349976,645.349976,640.840027,640.849976,640.849976,585900
2017-08-22,643.260010,644.380005,642.640015,644.260010,644.260010,649800
2017-08-23,647.789978,647.789978,643.650024,643.710022,643.710022,559500
2017-08-24,645.099976,647.989990,644.979980,647.710022,647.710022,500100
2017-08-25,649.219971,650.760010,648.440002,650.270020,650.270020,585000
2017-08-28,652.369995,652.940002,649.539978,652.919983,652.919983,513800
2017-08-29,650.280029,654.020020,647.130005,653.960022,653.960022,572900
2017-08-30,656.900024,657.429993,654.489990,655.000000,655.000000,639500
2017-08-31,657.130005,658.030029,655.640015,657.830017,657.830017,616000
2017-09-01,660.710022,662.390015,658.650024,661.989990,661.989990,566100
2017-09-04,null,null,null,null,null,null
2017-09-05,655.400024,656.219971,645.969971,648.750000,648.750000,621100
2017-09-06,649.229980,653.440002,649.229980,652.590027,652.590027,568500
2017-09-07,655.440002,659.119995,655.359985,658.479980,658.479980,499900
2017-09-08,659.830017,660.630005,653.340027,654.289978,654.289978,646300
2017-09-11,657.679993,659.469971,654.919983,656.530029,656.530029,578300
2017-09-12,660.030029,660.559998,658.049988,660.049988,660.049988,652300
2017-09-13,662.940002,662.940002,658.539978,659.090027,659.090027,672500
2017-09-14,660.150024,665.469971,659.250000,665.409973,665.409973,627100
2017-09-15,662.900024,671.309998,662.900024,671.299988,671.299988,645600
2017-09-18,674.659973,677.140015,672.580017,675.869995,675.869995,585800
2017-09-19,677.570007,677.969971,670.070007,674.479980,674.479980,659300
2017-09-20,676.599976,677.289978,668.049988,668.049988,668.049988,688100
2017-09-21,671.320007,672.599976,658.640015,661.109985,661.109985,699800
2017-09-25,649.109985,653.049988,638.919983,642.039978,642.039978,900600
2017-09-26,638.580017,645.729980,637.359985,642.400024,642.400024,820400
2017-09-27,645.020020,650.710022,644.559998,649.239990,649.239990,646000
2017-09-28,651.919983,653.380005,648.090027,648.090027,648.090027,583400
2017-09-29,650.320007,653.580017,648.679993,652.820007,652.820007,692300
2017-10-10,658.760010,659.510010,653.909973,654.590027,654.590027,554200
2017-10-11,656.849976,662.309998,656.760010,662.309998,662.309998,558400
2017-10-12,665.119995,666.739990,663.369995,666.539978,666.539978,561100
2017-10-13,669.000000,672.780029,659.099976,663.080017,663.080017,616600
2017-10-16,667.260010,668.500000,652.169983,659.409973,659.409973,554300
2017-10-17,660.609985,671.950012,660.330017,670.510010,670.510010,700000
2017-10-18,677.419983,679.500000,667.309998,668.419983,668.419983,713700
2017-10-19,671.219971,671.390015,664.190002,667.099976,667.099976,710600
2017-10-20,669.059998,672.950012,667.169983,672.950012,672.950012,659100
2017-10-23,674.979980,677.690002,674.640015,675.859985,675.859985,500000
2017-10-24,678.549988,687.450012,678.340027,687.210022,687.210022,583200
2017-10-25,688.830017,690.299988,684.840027,689.140015,689.140015,622300
2017-10-26,689.940002,690.530029,680.609985,680.609985,680.609985,600300
2017-10-27,685.200012,689.969971,682.900024,689.969971,689.969971,537100
2017-10-30,692.760010,693.119995,688.409973,689.679993,689.679993,470700
2017-10-31,691.070007,694.229980,689.289978,694.200012,694.200012,627100
2017-11-01,696.650024,696.929993,694.270020,695.770020,695.770020,630600
2017-11-02,698.140015,698.909973,691.520020,694.960022,694.960022,608900
2017-11-03,697.429993,701.130005,695.880005,701.130005,701.130005,661000
2017-11-06,703.200012,704.159973,699.750000,703.789978,703.789978,595300
2017-11-07,704.830017,704.830017,697.440002,701.140015,701.140015,649900
2017-11-08,702.690002,709.109985,701.520020,709.109985,709.109985,812400
2017-11-09,710.710022,711.780029,705.280029,709.940002,709.940002,614800
2017-11-10,709.849976,720.789978,709.549988,720.789978,720.789978,599900
2017-11-13,724.760010,741.380005,724.760010,741.380005,741.380005,687100
2017-11-14,746.880005,756.460022,742.789978,756.460022,756.460022,837100
2017-11-15,759.549988,773.049988,755.059998,768.030029,768.030029,944900
2017-11-16,775.460022,780.219971,759.700012,780.219971,780.219971,897400
2017-11-17,776.320007,779.570007,770.549988,775.849976,775.849976,767800
2017-11-20,776.739990,785.320007,776.309998,785.320007,785.320007,834800
2017-11-21,790.349976,793.599976,782.950012,789.380005,789.380005,809300
2017-11-22,793.789978,796.280029,779.200012,780.900024,780.900024,894400
2017-11-23,796.799988,796.799988,796.799988,796.799988,796.799988,0
2017-11-24,797.969971,803.739990,792.739990,792.739990,792.739990,751800
2017-11-27,793.809998,800.039978,783.849976,792.799988,792.799988,735800
2017-11-28,797.289978,797.530029,773.099976,773.119995,773.119995,891400
2017-11-29,776.750000,783.190002,770.969971,781.719971,781.719971,754800
2017-11-30,779.840027,782.419983,769.789978,771.419983,771.419983,1053600
2017-12-01,779.539978,788.150024,776.710022,787.700012,787.700012,883800
2017-12-04,788.020020,788.460022,778.200012,782.450012,782.450012,821400
2017-12-05,782.140015,783.609985,773.799988,774.119995,774.119995,860300
2017-12-06,778.280029,783.539978,765.250000,768.390015,768.390015,970300
2017-12-07,771.469971,773.280029,744.340027,753.460022,753.460022,1470900
2017-12-08,757.210022,760.729980,743.900024,744.059998,744.059998,1159200
2017-12-11,747.989990,764.090027,745.880005,764.090027,764.090027,790700
2017-12-12,768.299988,769.140015,755.030029,760.400024,760.400024,1018800
2017-12-13,764.330017,773.020020,763.169983,772.219971,772.219971,1143800
2017-12-14,777.250000,777.440002,764.739990,770.349976,770.349976,985000
2017-12-15,770.270020,775.039978,766.450012,771.820007,771.820007,1047400
2017-12-18,776.090027,777.400024,770.500000,770.500000,770.500000,1131000
2017-12-19,769.869995,771.010010,754.270020,766.179993,766.179993,1692200
2017-12-21,754.539978,759.130005,740.309998,740.320007,740.320007,1208900
2017-12-22,742.150024,761.200012,740.049988,761.200012,761.200012,1083300
2017-12-26,763.960022,775.539978,762.210022,762.210022,762.210022,808300
2017-12-27,771.330017,791.950012,770.950012,791.950012,791.950012,829600
2017-12-28,791.760010,798.679993,790.340027,798.419983,798.419983,1066200
2018-01-02,803.630005,813.400024,800.539978,812.450012,812.450012,989200
2018-01-03,816.299988,824.179993,812.219971,822.309998,822.309998,1203100
2018-01-04,825.109985,825.570007,802.830017,808.010010,808.010010,1346500
2018-01-05,812.049988,828.039978,812.049988,828.030029,828.030029,1229200
2018-01-08,836.070007,840.059998,829.280029,839.510010,839.510010,1229000
2018-01-09,841.390015,843.559998,827.289978,829.989990,829.989990,1196000
2018-01-10,837.630005,841.250000,820.890015,834.909973,834.909973,1104100
2018-01-11,835.229980,852.510010,830.369995,852.510010,852.510010,1288800
2018-01-12,863.070007,886.650024,857.330017,873.049988,873.049988,1180700
2018-01-15,879.559998,892.289978,865.679993,891.609985,891.609985,1025700
2018-01-16,889.229980,901.229980,884.760010,901.229980,901.229980,1009400
2018-01-17,902.369995,905.950012,884.909973,886.580017,886.580017,1212000
2018-01-18,892.500000,899.849976,887.669983,898.190002,898.190002,1260200
2018-01-19,902.849976,902.969971,875.429993,879.989990,879.989990,1164700
2018-01-22,875.950012,880.849976,864.380005,873.090027,873.090027,1126600
2018-01-23,881.679993,894.429993,877.679993,894.429993,894.429993,1047300
2018-01-24,901.619995,903.169983,891.030029,894.770020,894.770020,1011700
2018-01-25,894.210022,898.599976,887.969971,898.599976,898.599976,1025000
2018-01-26,898.530029,913.119995,895.320007,913.119995,913.119995,1080200
2018-01-29,914.260010,929.349976,914.219971,927.049988,927.049988,1279600
2018-01-30,928.719971,932.010010,918.789978,920.960022,920.960022,1243800
2018-01-31,910.890015,917.780029,903.520020,913.570007,913.570007,1195300
2018-02-01,916.780029,919.900024,901.349976,908.200012,908.200012,1407700
2018-02-02,911.460022,911.770020,887.969971,899.469971,899.469971,1373000
2018-02-05,876.630005,883.299988,858.219971,858.219971,858.219971,1043100
2018-02-06,821.239990,858.739990,814.460022,858.169983,858.169983,1062700
2018-02-07,874.750000,875.030029,829.960022,829.960022,829.960022,1033300
2018-02-08,834.890015,867.039978,824.640015,861.940002,861.940002,796300
2018-02-09,832.130005,850.700012,832.130005,842.599976,842.599976,764400
2018-02-12,854.090027,854.940002,843.239990,843.239990,843.239990,692300
2018-02-13,852.940002,854.080017,829.390015,829.390015,829.390015,832900
2018-02-14,835.599976,848.030029,830.780029,848.030029,848.030029,722700
2018-02-19,855.780029,875.809998,855.580017,875.809998,875.809998,684400
2018-02-20,873.989990,877.900024,861.500000,864.409973,864.409973,797200
2018-02-21,867.919983,877.690002,864.210022,875.580017,875.580017,814600
2018-02-22,871.719971,873.479980,863.890015,870.219971,870.219971,857900
2018-02-23,873.520020,875.729980,871.409973,874.780029,874.780029,770200
2018-02-26,881.359985,884.260010,869.659973,874.429993,874.429993,802100
2018-02-27,880.880005,882.039978,874.000000,874.010010,874.010010,794500
2018-02-28,866.500000,868.530029,853.900024,857.059998,857.059998,820900
2018-03-02,846.400024,861.080017,845.719971,860.229980,860.229980,768900
2018-03-05,862.409973,863.010010,845.000000,845.000000,845.000000,747500
2018-03-06,854.909973,859.210022,850.419983,859.210022,859.210022,828900
2018-03-07,856.429993,861.409973,841.030029,841.030029,841.030029,947300
2018-03-08,847.309998,855.799988,846.340027,853.940002,853.940002,891000
2018-03-09,857.799988,868.510010,857.469971,865.799988,865.799988,884800
2018-03-12,874.150024,884.270020,873.260010,884.270020,884.270020,802300
2018-03-13,884.539978,886.250000,879.849976,886.250000,886.250000,1086500
2018-03-14,882.390015,887.039978,880.919983,886.919983,886.919983,954400
2018-03-15,886.979980,893.559998,883.700012,890.429993,890.429993,951000
2018-03-16,893.239990,894.450012,889.400024,894.429993,894.429993,808500
2018-03-19,894.400024,894.400024,880.969971,880.969971,880.969971,759600
2018-03-20,876.609985,890.400024,875.390015,890.400024,890.400024,752100
2018-03-21,892.020020,895.719971,885.530029,885.549988,885.549988,865100
2018-03-22,889.210022,891.299988,869.000000,871.619995,871.619995,1011500
2018-03-23,851.700012,859.929993,829.669983,829.679993,829.679993,898200
2018-03-26,833.109985,853.690002,822.960022,853.690002,853.690002,740200
2018-03-27,862.400024,863.049988,856.559998,858.840027,858.840027,732200
2018-03-28,850.049988,856.359985,843.599976,850.969971,850.969971,889800
2018-03-29,855.820007,865.989990,854.609985,865.989990,865.989990,813000
2018-03-30,869.859985,873.039978,867.109985,871.090027,871.090027,764000
2018-04-02,876.849976,876.849976,865.830017,867.799988,867.799988,844100
2018-04-03,857.830017,872.320007,857.400024,872.320007,872.320007,722800
2018-04-04,877.150024,877.150024,858.289978,862.510010,862.510010,821300
2018-04-05,871.090027,873.640015,865.919983,868.929993,868.929993,846400
2018-04-06,867.429993,869.809998,863.919983,867.960022,867.960022,861800
2018-04-09,866.750000,874.440002,865.500000,874.440002,874.440002,857700
2018-04-10,876.219971,877.299988,866.739990,877.299988,877.299988,1012200
2018-04-11,882.580017,886.140015,880.869995,885.380005,885.380005,886300
2018-04-12,888.200012,889.020020,879.169983,881.450012,881.450012,998000
2018-04-13,884.119995,892.750000,877.739990,891.869995,891.869995,1011500
2018-04-16,895.320007,899.200012,894.090027,896.890015,896.890015,1017000
2018-04-17,900.500000,901.219971,896.830017,901.219971,901.219971,1309000
2018-04-18,905.619995,906.059998,890.729980,893.320007,893.320007,1538000
2018-04-19,892.200012,892.200012,878.190002,882.729980,882.729980,1681300
2018-04-20,885.590027,892.010010,880.679993,889.169983,889.169983,1406700
2018-04-23,888.390015,890.320007,877.359985,879.020020,879.020020,1408100
2018-04-24,881.580017,883.780029,873.219971,873.609985,873.609985,1201400
2018-04-25,869.309998,879.000000,862.049988,869.929993,869.929993,1177700
2018-04-26,876.270020,879.869995,874.210022,879.390015,879.390015,957400
2018-04-27,886.369995,886.619995,880.030029,886.489990,886.489990,1114100
